Age,Income,Debt,Loan_Amount,Employment_Years,Credit_History_Years,Number_of_Loans,Late_Payments,Payment_History_Score,Credit_Utilization,Credit_Status
25,52822.54,23655.52,240400.48,1.6,3.1,3,2,87.8,0.22,Good Credit
55,88331.88,37034.28,153226.99,17.3,21.8,3,2,91.0,0.209,Good Credit
50,21103.17,13540.71,34879.31,18.7,20.4,3,1,99.1,0.359,Good Credit
40,29333.93,12701.87,53912.36,7.9,10.7,2,4,55.1,0.153,Bad Credit
40,37327.15,26711.27,76426.94,11.0,7.4,3,4,50.4,0.253,Bad Credit
59,101598.45,20803.22,136653.1,23.5,13.3,2,0,96.8,0.061,Bad Credit
24,61930.93,33959.16,97212.62,1.5,3.0,2,0,100.0,0.123,Bad Credit
52,75914.4,18880.03,220109.66,21.2,11.4,2,3,83.2,0.01,Bad Credit
30,34071.65,21794.93,62121.67,5.0,5.7,3,1,95.1,0.293,Bad Credit
25,34368.08,7623.57,57761.25,2.4,4.1,4,3,57.8,0.01,Bad Credit
44,66381.27,16234.06,38888.4,9.3,10.6,3,1,88.4,0.033,Bad Credit
64,56362.75,16653.55,220188.06,15.4,18.5,4,0,100.0,0.112,Good Credit
54,69255.56,15949.49,118321.73,12.2,9.5,2,1,89.8,0.067,Good Credit
55,50831.25,24087.03,101011.37,24.2,13.0,2,1,93.2,0.243,Good Credit
53,61815.46,11105.33,39528.82,22.5,18.5,1,2,82.7,0.075,Good Credit
56,58776.56,1478.94,163783.07,23.6,15.0,4,2,74.4,0.01,Bad Credit
44,76248.33,45076.07,284138.98,9.9,8.1,3,0,100.0,0.295,Good Credit
26,77190.52,44900.01,50245.96,2.8,2.3,3,2,76.6,0.276,Good Credit
58,27854.29,1000.0,48355.82,24.7,11.5,2,0,100.0,0.01,Good Credit
41,21401.91,1744.22,15360.05,12.4,11.8,2,3,74.8,0.048,Good Credit
43,83769.27,57283.24,237127.97,8.7,12.4,3,2,74.9,0.231,Good Credit
37,90574.95,52041.19,394410.14,11.3,8.7,6,2,75.4,0.185,Bad Credit
29,35825.92,15941.42,51475.84,3.3,5.0,4,1,82.6,0.29,Bad Credit
62,25183.83,5789.42,75075.86,17.2,13.7,2,2,76.4,0.099,Bad Credit
56,57335.95,17856.96,239627.71,24.9,17.1,3,1,92.7,0.112,Good Credit
49,81311.32,5604.97,239484.47,15.2,8.5,2,1,87.8,0.033,Good Credit
39,117017.43,64131.15,163730.98,9.0,13.0,2,2,87.8,0.272,Good Credit
58,68318.33,7832.93,61591.42,21.1,10.9,7,2,71.8,0.01,Good Credit
45,47050.06,5853.47,83871.88,17.8,11.3,3,4,48.8,0.018,Good Credit
40,37796.57,20455.15,129034.95,7.6,5.5,2,1,92.9,0.256,Bad Credit
41,55265.16,39874.06,191774.89,13.1,13.0,1,1,90.6,0.198,Good Credit
31,48503.79,24201.53,150128.33,4.8,4.1,3,2,79.9,0.259,Bad Credit
25,35909.6,9347.55,122816.47,1.6,4.3,1,2,76.4,0.01,Good Credit
45,130035.9,54589.86,197182.83,12.5,7.2,3,0,100.0,0.153,Good Credit
60,116408.31,43584.06,216407.32,22.2,24.3,5,0,92.2,0.054,Good Credit
23,88630.29,26849.29,33081.78,0.9,2.6,4,1,96.8,0.058,Bad Credit
59,37359.08,16915.76,123317.86,19.5,14.3,2,2,89.2,0.259,Bad Credit
58,78762.84,27940.23,249478.94,22.4,13.2,1,2,79.1,0.205,Good Credit
33,71950.35,37206.45,107088.75,7.0,5.9,2,2,85.8,0.276,Good Credit
49,66234.56,49627.88,43284.4,17.9,18.0,4,0,100.0,0.213,Good Credit
28,92962.17,73953.01,306941.77,4.8,5.9,4,4,68.5,0.255,Bad Credit
55,71821.87,7046.05,257430.56,17.5,11.8,2,1,91.8,0.06,Good Credit
52,75048.84,30896.44,261594.73,16.1,13.3,2,0,100.0,0.208,Good Credit
36,71868.2,13826.63,97492.31,8.2,6.2,2,0,95.1,0.029,Good Credit
24,63463.54,21977.83,240229.23,1.7,1.8,4,2,68.3,0.104,Bad Credit
64,26003.12,7943.23,69935.67,16.9,23.4,4,2,81.6,0.054,Good Credit
41,56965.97,11043.21,170427.79,9.5,8.9,4,2,90.4,0.177,Good Credit
61,43542.29,21787.09,129602.12,16.8,14.6,1,1,85.6,0.172,Bad Credit
51,32130.32,16275.41,106157.78,15.1,19.7,1,0,98.9,0.204,Good Credit
56,111463.39,91523.2,481111.72,25.9,20.9,1,1,85.7,0.333,Good Credit
55,113694.07,6404.63,306836.63,19.8,20.7,1,1,82.1,0.089,Good Credit
29,97339.59,9785.68,227624.93,4.2,2.9,3,2,68.0,0.01,Good Credit
37,61222.99,18112.85,143101.11,9.2,11.7,4,0,94.9,0.188,Good Credit
42,96988.82,7859.54,360781.84,13.0,11.5,3,1,93.6,0.01,Bad Credit
43,55279.13,20652.63,174792.47,11.5,11.3,5,1,89.1,0.219,Good Credit
22,59889.91,40966.9,24449.32,0.5,1.0,1,2,81.4,0.171,Good Credit
45,34746.37,4449.33,43509.53,15.1,16.4,1,3,75.7,0.045,Good Credit
27,64979.35,4323.0,258342.18,2.2,4.2,3,6,35.0,0.124,Good Credit
54,56412.75,21685.03,210834.18,18.7,20.9,1,3,59.0,0.196,Good Credit
51,31823.95,4142.99,132582.95,17.1,16.9,4,2,86.0,0.077,Good Credit
62,53829.97,27722.01,108973.71,26.8,25.0,5,0,98.9,0.143,Good Credit
54,53188.74,30684.58,187381.28,24.5,19.0,2,1,92.7,0.187,Good Credit
37,117015.79,71738.37,458404.68,10.7,11.7,3,2,74.7,0.326,Bad Credit
64,80070.12,3437.03,123887.78,23.7,15.6,3,0,100.0,0.046,Good Credit
39,55265.03,23835.84,81062.93,7.5,6.9,2,0,97.7,0.226,Bad Credit
35,61057.98,28899.1,254140.59,8.2,9.1,3,1,94.2,0.194,Bad Credit
61,56030.85,43351.89,53585.94,27.3,19.4,3,3,89.4,0.293,Good Credit
37,50506.87,14181.33,128650.31,11.6,9.3,2,0,100.0,0.158,Good Credit
24,34907.92,12459.49,107007.96,2.0,3.2,3,2,90.0,0.158,Good Credit
42,51619.08,4189.42,157587.38,8.9,11.3,5,2,75.5,0.022,Good Credit
56,40204.22,10592.38,53062.74,22.2,21.5,1,0,100.0,0.021,Good Credit
29,32531.23,2063.86,121275.69,5.6,4.2,2,1,98.9,0.083,Good Credit
41,68172.85,35660.22,110252.1,12.4,13.7,3,3,72.1,0.236,Good Credit
26,64823.25,15318.09,264125.08,3.1,2.3,4,0,100.0,0.058,Good Credit
51,25969.32,8095.81,27645.16,16.5,16.6,4,1,93.1,0.195,Good Credit
42,52237.76,7024.99,172875.82,12.7,14.5,3,3,80.5,0.068,Good Credit
35,83556.89,45694.48,290075.94,6.5,6.0,2,1,93.7,0.235,Good Credit
31,85816.14,52261.59,85933.05,3.9,4.9,3,1,90.6,0.297,Good Credit
46,84621.19,13295.66,99222.63,17.0,10.4,3,2,74.0,0.103,Bad Credit
51,55906.28,5240.25,194381.76,21.8,15.7,6,1,94.4,0.055,Bad Credit
63,38567.66,6399.64,32769.94,29.1,18.7,2,1,93.9,0.055,Good Credit
40,34889.28,22267.02,12566.09,9.2,6.5,4,1,84.6,0.374,Good Credit
28,63565.27,19470.29,143450.18,2.7,6.1,7,1,88.6,0.078,Bad Credit
58,64497.78,32602.07,294517.63,17.1,13.3,2,4,50.3,0.247,Bad Credit
49,94444.49,35132.42,272178.15,19.2,14.4,5,1,96.4,0.144,Good Credit
52,87297.75,57615.93,164899.29,19.0,16.6,5,2,89.5,0.291,Good Credit
25,52028.79,24159.31,208562.42,2.9,1.9,2,1,90.2,0.26,Good Credit
35,32614.82,10863.7,81951.21,6.8,4.9,2,1,91.5,0.115,Good Credit
55,48101.26,28989.17,70018.2,19.4,23.6,4,0,98.9,0.277,Good Credit
58,60254.08,11446.66,142447.27,24.6,20.6,4,1,90.4,0.092,Bad Credit
40,50524.49,34636.3,81674.22,8.4,5.8,2,3,70.2,0.236,Good Credit
57,43147.21,9172.72,102344.95,26.5,22.1,3,1,82.1,0.161,Bad Credit
58,61163.15,18826.7,171048.92,21.7,18.1,1,1,87.9,0.166,Bad Credit
38,44508.09,25307.6,39027.24,6.0,5.6,3,2,80.1,0.201,Bad Credit
61,42247.51,24084.42,133492.11,14.4,22.5,1,2,75.6,0.294,Good Credit
33,62686.33,32845.99,71821.14,8.4,6.7,1,2,83.8,0.16,Bad Credit
31,46455.57,1456.76,71213.84,6.1,4.3,3,1,91.5,0.011,Good Credit
51,60938.0,22777.42,69923.57,19.7,19.8,3,2,81.3,0.124,Good Credit
49,61687.35,9651.64,174617.76,18.6,11.4,2,4,67.2,0.108,Bad Credit
27,34082.12,9418.15,142326.79,3.1,3.3,3,2,80.6,0.082,Bad Credit
58,44934.77,23544.22,98433.77,24.8,14.4,4,0,97.8,0.255,Bad Credit
29,100604.75,37175.9,98739.46,5.8,6.1,3,3,65.5,0.183,Bad Credit
57,33759.43,2828.69,29797.3,15.1,20.8,4,1,90.2,0.011,Good Credit
21,22608.78,3453.52,64351.93,0.0,1.8,2,1,90.6,0.171,Bad Credit
56,25162.59,7901.11,59775.81,16.6,13.0,7,0,100.0,0.081,Good Credit
56,55676.57,17533.72,187442.41,16.8,21.5,4,0,100.0,0.041,Good Credit
56,55718.85,34336.45,120152.59,18.0,18.2,3,1,100.0,0.298,Good Credit
50,52349.2,22297.37,69323.75,20.2,12.0,4,2,75.5,0.041,Good Credit
42,91587.33,20900.19,314693.69,7.5,6.3,3,3,68.2,0.181,Bad Credit
52,18000.0,7768.68,37175.6,16.2,19.6,3,1,97.4,0.179,Good Credit
33,64950.5,45397.98,44219.33,7.5,5.2,4,1,88.1,0.194,Good Credit
56,105968.01,15532.51,459220.2,13.8,19.1,6,1,86.0,0.01,Bad Credit
46,34249.27,4466.87,28909.34,16.7,13.1,4,2,70.6,0.01,Good Credit
41,46890.47,1000.0,97139.08,14.5,5.8,2,0,100.0,0.032,Good Credit
43,40089.67,1000.0,77124.07,8.5,16.2,2,1,81.4,0.01,Bad Credit
46,37777.28,26241.92,78942.14,10.3,16.1,4,1,77.4,0.308,Bad Credit
22,47956.92,35288.01,182616.83,0.7,1.8,6,1,80.5,0.276,Bad Credit
27,100170.83,6560.0,41609.83,2.6,4.7,3,4,50.7,0.01,Good Credit
32,118989.54,64514.56,500000.0,4.2,6.2,3,1,94.6,0.247,Bad Credit
26,47762.4,3687.46,138798.49,3.7,4.4,2,0,94.6,0.068,Bad Credit
40,122420.09,58368.84,500000.0,13.4,6.7,6,0,91.5,0.259,Good Credit
51,55827.99,37253.09,235453.48,18.4,14.1,3,1,85.9,0.229,Good Credit
50,114879.46,21503.89,500000.0,16.5,12.3,2,2,81.1,0.073,Good Credit
42,52886.48,1000.0,164729.06,15.1,10.4,2,1,83.9,0.01,Bad Credit
59,58112.31,27912.58,102560.37,23.3,17.6,4,1,87.6,0.202,Good Credit
46,64124.88,47206.34,137592.61,15.3,8.6,1,4,63.3,0.248,Good Credit
24,209024.55,50161.97,500000.0,2.1,3.8,4,2,70.3,0.071,Bad Credit
55,78639.42,15700.71,163800.38,20.8,9.5,4,2,75.4,0.055,Good Credit
46,40865.33,4063.92,129448.0,13.8,7.1,3,5,71.2,0.057,Bad Credit
49,82625.0,33611.58,92248.18,14.2,12.4,1,1,100.0,0.163,Bad Credit
46,47245.79,20860.45,178957.98,13.8,13.9,1,2,85.7,0.207,Good Credit
45,44774.47,32813.89,81920.16,13.4,8.7,4,1,82.2,0.287,Good Credit
25,80555.45,42832.64,323010.81,2.0,3.2,4,2,76.1,0.178,Good Credit
46,55722.79,37286.53,65598.41,13.2,15.1,7,1,94.5,0.279,Good Credit
56,61826.69,38880.82,88538.67,23.5,10.9,4,0,99.7,0.197,Good Credit
34,55324.01,20143.82,206732.45,6.7,10.3,3,3,63.4,0.18,Good Credit
48,63351.47,26316.99,234030.97,9.7,11.5,4,0,100.0,0.149,Good Credit
22,65747.32,21769.23,207925.59,0.5,2.0,6,1,80.8,0.145,Good Credit
36,24381.07,13007.32,122004.5,6.6,5.3,3,1,87.6,0.227,Good Credit
40,72769.27,50791.53,98272.36,12.7,11.7,2,1,93.8,0.375,Good Credit
65,36411.51,18147.18,136550.56,23.3,27.6,3,0,97.4,0.222,Good Credit
30,30011.11,20329.26,36803.93,4.2,3.5,3,2,76.7,0.275,Good Credit
33,53667.12,17066.39,163066.87,8.1,4.5,2,3,83.4,0.086,Good Credit
39,56974.58,28554.12,144203.4,6.4,7.6,4,1,98.5,0.249,Good Credit
65,41102.16,17225.2,16952.93,18.5,12.0,1,1,100.0,0.151,Good Credit
59,77973.31,10930.98,197527.23,25.9,26.4,1,0,100.0,0.01,Good Credit
22,31300.05,1125.03,131486.2,0.6,2.0,4,0,91.3,0.01,Bad Credit
31,46359.06,14603.01,46232.2,6.6,6.4,5,0,96.5,0.137,Good Credit
57,43020.9,14897.23,164961.05,24.7,24.7,4,0,100.0,0.089,Good Credit
23,53934.29,36974.01,112429.52,1.5,2.9,4,1,79.3,0.267,Bad Credit
59,61834.17,4578.29,60233.14,14.3,23.6,4,2,86.9,0.025,Good Credit
33,36017.98,13948.0,87977.09,8.0,5.8,2,0,87.4,0.152,Good Credit
62,74554.61,45077.53,79145.3,26.0,16.9,5,2,70.6,0.316,Bad Credit
34,56474.78,9546.56,48466.97,5.6,5.9,4,0,100.0,0.01,Good Credit
40,24846.47,16210.2,74121.02,13.7,8.6,8,2,77.2,0.383,Good Credit
50,24160.64,11888.05,25964.94,14.8,12.7,2,3,74.8,0.195,Good Credit
26,54716.16,4516.14,34864.87,3.5,2.4,4,1,82.7,0.068,Bad Credit
46,50125.35,19867.93,173096.4,14.8,11.0,4,1,77.3,0.166,Good Credit
43,52662.14,25477.51,61797.34,12.3,10.7,2,4,50.5,0.09,Good Credit
56,54357.39,33015.31,196985.11,14.5,14.2,1,0,98.6,0.18,Good Credit
65,60465.22,47329.59,227323.7,31.5,14.9,2,1,85.1,0.282,Bad Credit
50,81887.47,45701.11,56743.32,16.6,12.8,3,0,100.0,0.283,Good Credit
39,34489.99,4205.66,109901.25,6.3,9.3,5,2,79.6,0.01,Good Credit
39,33619.46,8799.78,19608.52,6.4,11.3,6,3,73.2,0.053,Good Credit
39,34748.53,32395.41,119779.18,11.9,11.2,3,2,77.2,0.383,Good Credit
57,62095.79,49033.35,39012.14,14.9,12.9,1,3,74.1,0.344,Bad Credit
35,92778.14,38740.89,405556.39,8.3,4.5,2,2,81.6,0.194,Bad Credit
28,45886.48,26588.97,67501.12,4.4,3.7,3,0,100.0,0.173,Good Credit
36,19232.84,3136.62,54755.95,6.9,5.6,2,1,92.2,0.01,Good Credit
22,26887.36,8806.39,41276.15,0.6,1.6,8,2,84.9,0.163,Bad Credit
25,38762.67,27266.87,37430.82,1.8,4.5,4,2,81.7,0.367,Good Credit
25,43514.19,7518.79,109527.79,2.9,2.3,2,5,49.1,0.048,Bad Credit
55,46330.94,1000.0,121542.83,23.6,14.0,3,1,91.0,0.01,Good Credit
53,55898.48,18156.75,256526.02,14.9,18.9,4,1,91.1,0.104,Good Credit
52,48250.19,18722.7,17499.06,17.4,15.4,1,1,85.9,0.179,Good Credit
41,85460.63,36424.87,35044.06,11.0,6.2,6,2,78.7,0.156,Good Credit
53,41405.18,5466.66,59920.41,23.5,11.0,3,0,100.0,0.137,Good Credit
28,38288.88,6676.61,76509.76,3.6,6.2,2,0,100.0,0.125,Good Credit
61,67252.95,34378.12,271270.72,23.0,12.5,2,0,90.9,0.216,Good Credit
43,28857.32,7345.01,111412.82,15.9,12.6,3,1,100.0,0.01,Good Credit
63,64780.44,41260.36,258954.02,17.4,25.5,2,2,80.1,0.213,Bad Credit
27,57420.74,23240.98,58686.22,3.4,3.2,2,2,76.0,0.129,Good Credit
43,51697.39,20338.52,98783.06,8.6,13.5,2,0,98.8,0.113,Good Credit
52,107169.23,66728.14,368673.65,18.5,10.8,3,1,89.2,0.261,Bad Credit
43,42351.59,28960.47,56139.62,10.9,9.1,4,4,51.3,0.286,Good Credit
41,130667.83,57273.08,442775.0,14.7,8.6,6,2,84.9,0.075,Good Credit
28,50031.46,26546.09,84544.24,3.6,6.5,8,1,80.7,0.261,Bad Credit
38,32168.45,3974.77,59619.77,6.9,6.7,3,1,77.3,0.05,Bad Credit
31,56639.09,8529.9,240046.54,6.8,3.9,3,1,100.0,0.082,Good Credit
34,34998.67,12220.05,20257.37,8.8,9.9,5,0,100.0,0.184,Good Credit
51,40108.8,20456.02,136257.63,18.8,10.4,7,0,100.0,0.158,Good Credit
49,64980.5,27743.05,101596.52,18.2,18.7,3,0,99.8,0.246,Good Credit
48,69454.9,9876.99,13803.48,12.3,15.3,2,0,95.9,0.048,Good Credit
37,42352.3,14060.67,57653.96,9.7,9.1,2,0,98.5,0.224,Good Credit
64,83266.25,18685.39,94839.29,15.7,25.3,3,1,88.2,0.036,Good Credit
24,89432.71,43914.08,235419.62,1.3,3.2,3,2,85.9,0.283,Good Credit
36,100542.44,64744.08,69607.28,10.8,5.3,5,1,86.7,0.203,Good Credit
26,68695.71,29528.9,209800.93,3.2,5.2,3,1,89.5,0.325,Bad Credit
36,97511.79,52274.04,389003.74,6.6,11.3,3,2,83.1,0.157,Bad Credit
64,24963.08,8783.35,52301.18,17.0,28.0,2,1,91.9,0.204,Good Credit
37,48125.51,23618.4,44699.7,11.7,9.5,3,2,91.2,0.175,Good Credit
61,38213.58,21246.92,98706.65,15.8,19.7,3,3,75.8,0.265,Good Credit
43,57824.24,32449.74,207913.59,10.0,11.6,3,2,79.7,0.222,Good Credit
52,43264.16,12998.46,148838.28,13.1,8.7,2,2,89.0,0.055,Good Credit
41,51292.62,13717.93,29931.61,7.1,10.3,3,1,83.6,0.01,Bad Credit
32,121249.04,9027.88,326689.08,5.2,7.0,3,2,68.8,0.18,Good Credit
55,51215.94,4058.49,117882.43,25.1,19.0,2,2,76.7,0.036,Good Credit
64,65439.49,6036.49,109024.51,20.9,17.6,2,3,58.3,0.01,Good Credit
32,49887.98,8465.96,51972.25,6.1,6.1,4,1,86.7,0.086,Good Credit
56,56777.08,28664.12,246612.39,22.7,19.2,3,4,79.9,0.243,Bad Credit
32,55139.16,16972.84,21924.4,6.3,5.9,3,1,86.4,0.08,Good Credit
53,66395.5,17371.88,33083.95,20.7,22.2,4,1,85.0,0.062,Good Credit
56,89726.16,3135.8,108533.36,21.5,20.2,2,3,83.3,0.013,Good Credit
41,109863.5,24669.76,319237.22,11.9,5.8,3,2,77.4,0.162,Good Credit
54,62638.09,47853.47,167306.88,20.1,9.3,4,2,76.5,0.312,Bad Credit
33,70452.79,19245.46,100004.39,8.0,7.9,2,2,74.1,0.197,Good Credit
24,33918.82,21642.91,53896.7,1.9,2.5,2,0,100.0,0.323,Good Credit
25,53007.05,35646.26,161284.83,2.7,4.1,2,3,66.7,0.255,Good Credit
41,81634.73,13727.14,127111.1,8.2,7.3,5,0,100.0,0.01,Bad Credit
61,79125.88,30057.24,313465.25,24.8,11.0,3,1,91.8,0.138,Good Credit
26,60111.99,42207.52,124275.25,3.2,3.2,5,1,95.0,0.312,Bad Credit
41,79807.59,18364.81,130361.97,9.4,12.5,2,2,78.5,0.096,Good Credit
52,67589.67,18021.38,298737.69,21.7,21.7,3,0,92.0,0.145,Good Credit
30,91054.83,55428.18,338861.34,4.2,7.2,4,1,92.3,0.295,Good Credit
53,62107.33,36283.67,92795.01,14.3,15.5,3,1,91.6,0.266,Good Credit
34,47367.67,14478.22,205555.9,9.1,9.2,3,0,90.9,0.106,Bad Credit
57,63331.73,20165.89,161192.66,16.2,10.8,2,1,81.7,0.159,Bad Credit
47,18000.0,10330.91,28452.87,13.4,13.9,4,1,89.5,0.364,Good Credit
45,64595.53,52395.01,255419.96,11.9,16.7,2,0,100.0,0.235,Good Credit
28,18000.0,4803.61,53924.11,5.0,4.1,1,2,89.8,0.136,Good Credit
41,26668.38,1000.0,45440.22,10.6,14.6,4,3,71.6,0.125,Good Credit
59,66491.62,23930.3,170349.71,23.9,13.9,4,2,80.7,0.073,Good Credit
21,67214.94,46861.49,144989.3,0.0,0.9,5,2,64.4,0.339,Bad Credit
55,33754.48,19697.18,12081.21,20.4,17.0,3,4,68.6,0.302,Bad Credit
43,40782.39,6696.0,194518.05,16.0,15.3,3,4,73.5,0.01,Good Credit
53,97803.5,9647.82,256502.52,21.5,13.1,2,0,100.0,0.082,Bad Credit
50,44882.17,33763.48,126031.57,14.8,18.2,5,1,89.0,0.285,Good Credit
40,141084.6,101213.23,385254.39,13.9,7.0,4,3,66.3,0.283,Good Credit
34,54955.67,21648.63,157448.19,7.3,8.8,5,1,89.1,0.138,Good Credit
49,65281.48,27107.97,90607.48,10.1,14.7,1,2,86.7,0.245,Good Credit
27,108464.23,43875.27,468152.5,2.7,2.9,3,1,91.5,0.155,Bad Credit
47,58111.56,20043.4,171377.42,15.6,15.6,3,4,76.4,0.11,Good Credit
25,36102.02,9265.52,115567.79,1.7,3.7,3,0,100.0,0.076,Bad Credit
50,52522.82,10133.73,93354.36,16.9,14.6,3,2,81.0,0.057,Good Credit
49,54183.51,4427.54,82160.42,13.8,10.5,3,2,81.5,0.01,Bad Credit
24,31004.79,12537.04,32510.39,1.7,1.8,4,3,67.1,0.133,Bad Credit
55,49396.7,3734.68,85014.5,11.9,23.4,2,3,58.9,0.037,Good Credit
39,40270.23,3122.63,41812.2,12.4,10.8,4,1,85.7,0.055,Good Credit
56,81090.31,38971.87,254996.87,17.3,21.8,3,2,87.2,0.264,Good Credit
22,55805.37,12950.65,221550.62,0.4,2.1,2,0,98.9,0.107,Good Credit
29,48840.46,13517.7,64703.86,4.2,6.4,3,2,88.1,0.082,Good Credit
43,52601.09,25354.22,92286.19,12.0,7.9,5,0,94.3,0.132,Good Credit
29,60403.34,19627.26,205090.69,4.8,4.9,2,1,89.8,0.148,Good Credit
35,71264.27,40797.81,56352.72,7.8,8.8,3,2,79.2,0.222,Good Credit
50,36141.94,27233.95,146565.41,10.7,9.3,5,2,81.3,0.296,Good Credit
27,35511.85,5869.53,46455.84,4.2,2.8,6,1,92.8,0.082,Good Credit
51,87470.23,67704.55,85401.77,16.0,16.6,2,1,94.0,0.341,Good Credit
25,46254.17,32109.36,50243.74,1.5,4.2,1,1,91.5,0.294,Good Credit
28,30333.71,17599.49,115384.43,4.6,5.1,3,0,100.0,0.222,Good Credit
47,66269.82,28409.02,95035.76,16.0,7.7,2,1,91.6,0.123,Good Credit
56,66816.4,35861.12,190099.26,21.3,24.3,5,2,81.5,0.178,Good Credit
28,28917.09,20570.03,14579.36,3.6,3.1,3,1,93.8,0.335,Bad Credit
34,60564.9,32049.16,50522.53,6.7,5.5,2,6,47.5,0.186,Good Credit
62,74909.3,11149.31,284000.83,23.1,28.2,2,0,100.0,0.01,Good Credit
65,64365.35,36535.77,85171.87,16.3,26.2,2,2,94.0,0.297,Good Credit
47,71719.7,32708.24,23204.73,12.2,18.1,1,3,87.9,0.126,Good Credit
41,30494.31,18005.43,81858.62,14.9,13.2,4,2,80.0,0.238,Good Credit
36,63204.16,16217.28,236301.61,9.2,9.2,4,2,67.3,0.132,Good Credit
48,48435.49,14761.41,95504.31,14.0,10.9,5,1,83.4,0.122,Good Credit
47,44905.55,17937.25,26167.3,11.4,11.0,3,3,78.0,0.011,Good Credit
34,79278.47,30071.75,351565.79,8.4,10.1,5,1,82.7,0.175,Bad Credit
22,102373.56,36563.79,325790.78,0.5,2.4,2,2,77.5,0.222,Bad Credit
27,116859.06,23618.2,489245.43,2.5,3.5,2,1,89.3,0.128,Bad Credit
64,95540.71,17685.69,342297.96,17.7,18.4,2,1,91.8,0.01,Good Credit
39,52522.67,26937.98,162477.05,11.6,7.8,2,1,84.7,0.333,Good Credit
42,63782.3,16799.66,136355.01,12.7,9.1,2,0,100.0,0.026,Good Credit
42,75898.64,51182.12,163361.63,7.9,14.3,3,2,78.5,0.205,Bad Credit
56,57871.67,16446.53,168819.64,13.9,9.7,7,0,98.8,0.161,Good Credit
23,58105.14,22608.48,181348.14,1.2,2.1,2,2,83.8,0.183,Good Credit
24,77735.3,22467.49,330507.19,1.7,3.8,3,0,100.0,0.12,Good Credit
33,53647.48,20809.8,140282.05,7.5,7.0,4,1,99.3,0.121,Good Credit
42,40489.09,14977.88,60112.95,8.8,10.3,4,3,81.5,0.228,Bad Credit
51,46212.69,19114.17,91673.61,19.2,12.4,5,0,100.0,0.163,Good Credit
43,71777.82,46347.37,230379.74,15.9,7.0,2,2,74.0,0.164,Good Credit
40,55069.19,8526.2,97037.17,11.2,7.5,6,1,95.4,0.136,Good Credit
63,63448.04,30850.63,228179.01,18.0,12.9,1,3,71.5,0.208,Good Credit
28,72876.52,1000.0,219516.82,4.4,3.0,6,2,82.5,0.072,Bad Credit
46,46988.35,3161.33,20160.38,12.2,8.8,3,1,92.0,0.061,Good Credit
45,75562.29,29402.94,192073.49,8.9,10.0,6,1,95.9,0.299,Good Credit
42,64485.93,5796.38,173084.21,9.9,6.1,2,0,90.0,0.017,Bad Credit
57,32743.74,24298.51,132520.71,25.6,24.6,2,0,100.0,0.298,Good Credit
33,100796.25,49557.94,199939.6,6.2,4.5,1,1,92.4,0.24,Good Credit
63,44568.19,27005.25,125877.98,29.2,18.1,1,1,86.6,0.224,Good Credit
35,27445.25,12860.09,43405.67,7.7,10.2,3,2,72.8,0.236,Good Credit
45,35460.34,15495.09,103675.81,13.4,7.9,3,1,80.6,0.01,Good Credit
44,35819.56,15443.47,25945.36,8.1,11.5,3,1,92.2,0.168,Bad Credit
59,56218.51,8310.5,232155.13,23.0,24.1,2,0,99.1,0.053,Good Credit
40,49024.29,7518.32,224218.39,7.5,10.4,2,0,100.0,0.053,Good Credit
33,47744.49,22999.74,119814.86,6.5,5.0,1,5,57.2,0.14,Bad Credit
21,71350.76,51503.43,180466.76,0.0,1.6,3,0,94.7,0.343,Good Credit
37,63439.13,1000.0,32129.55,8.1,9.9,2,2,78.2,0.01,Good Credit
58,62807.42,23625.05,176213.57,20.9,15.8,5,0,98.7,0.162,Good Credit
21,65330.64,34501.21,139718.5,0.0,0.8,2,2,77.3,0.209,Good Credit
61,71243.94,39174.22,223148.86,18.6,10.9,5,2,79.0,0.25,Good Credit
45,22691.55,11994.28,5000.0,17.9,15.7,5,3,75.1,0.297,Bad Credit
27,47194.11,28822.31,148017.53,2.2,3.4,3,1,95.0,0.256,Good Credit
34,22013.26,7296.38,40096.11,6.2,4.9,4,0,100.0,0.183,Good Credit
45,55839.32,37784.04,173581.82,11.5,12.4,2,0,96.4,0.279,Good Credit
35,54893.08,2273.09,181092.55,7.0,10.5,2,0,100.0,0.01,Good Credit
25,85324.08,58059.55,142817.6,2.5,1.8,4,6,35.0,0.264,Good Credit
50,90571.5,2726.43,211177.58,13.0,8.7,4,0,95.1,0.01,Good Credit
51,59889.35,41059.57,249880.24,16.0,13.8,3,0,100.0,0.308,Bad Credit
26,44575.37,1229.34,140009.1,3.0,4.2,4,1,93.4,0.017,Good Credit
33,67430.73,17616.58,71624.58,5.7,6.6,4,1,81.3,0.057,Bad Credit
31,44062.44,1094.63,125401.93,7.3,7.9,2,3,75.7,0.01,Good Credit
50,54967.84,16632.73,106517.97,21.5,8.6,3,1,91.4,0.029,Good Credit
53,83221.89,17372.77,262820.23,12.7,13.5,2,2,86.9,0.072,Good Credit
53,43513.41,8497.74,123968.16,15.6,13.7,3,5,38.6,0.078,Bad Credit
63,77147.43,32693.77,33527.88,18.2,17.4,4,0,100.0,0.278,Good Credit
55,73100.98,25611.25,206307.69,14.4,16.5,2,5,61.0,0.221,Bad Credit
35,36830.29,32826.9,135016.27,7.6,9.6,4,0,98.8,0.294,Good Credit
25,82795.09,63051.45,283265.8,2.3,2.6,2,2,85.8,0.317,Bad Credit
48,73753.69,35840.52,44468.57,14.0,16.4,4,2,81.2,0.208,Good Credit
62,57405.61,6279.44,59104.65,18.8,13.6,3,3,77.4,0.03,Good Credit
64,39931.17,12601.75,110788.81,19.8,21.8,5,1,96.5,0.116,Good Credit
31,38338.96,22237.82,40286.73,7.5,5.2,3,4,67.6,0.211,Bad Credit
31,43882.47,10751.29,100084.34,7.2,6.1,3,1,96.1,0.21,Good Credit
22,69077.07,24934.94,69642.65,0.4,1.2,2,0,100.0,0.119,Bad Credit
27,36817.4,27413.56,36321.66,3.7,5.7,5,4,48.7,0.318,Bad Credit
45,66094.68,50723.23,229311.42,12.8,16.5,4,0,95.3,0.155,Good Credit
45,32648.4,19644.16,29580.83,15.0,15.7,2,0,98.4,0.29,Good Credit
37,50482.38,26963.14,203398.79,9.4,11.5,2,2,88.3,0.285,Bad Credit
34,57592.09,20727.86,50703.24,9.2,4.9,1,2,76.3,0.081,Bad Credit
58,153590.17,96230.0,418919.31,13.9,18.1,5,1,93.9,0.22,Bad Credit
41,30841.48,7061.64,83211.5,9.8,8.7,4,2,89.1,0.119,Good Credit
57,102061.88,13797.26,356790.87,26.8,23.6,2,0,100.0,0.055,Good Credit
64,58572.6,28137.22,207363.95,18.2,15.0,4,2,80.2,0.22,Good Credit
35,65367.51,14886.23,148463.3,5.6,5.7,2,2,75.6,0.074,Good Credit
30,57802.92,31649.05,142693.49,5.8,6.3,1,0,86.5,0.331,Good Credit
63,66295.26,12830.86,96775.16,27.8,12.9,2,2,80.9,0.037,Bad Credit
49,51562.02,26867.75,151307.95,17.3,16.8,2,2,73.3,0.37,Good Credit
34,101294.72,58718.44,103806.18,8.6,5.7,5,1,78.0,0.306,Good Credit
48,45404.69,13110.54,75323.13,16.9,15.4,4,0,100.0,0.165,Bad Credit
44,88488.42,49079.89,125833.9,9.3,15.6,8,3,65.8,0.159,Good Credit
61,41959.25,13235.24,160362.3,23.7,21.2,2,3,78.0,0.181,Good Credit
32,53625.65,20390.14,112563.3,7.3,4.7,3,1,92.6,0.188,Good Credit
65,35061.68,7581.89,80620.05,30.6,12.7,3,0,95.4,0.01,Bad Credit
63,66582.59,37331.63,108695.4,18.8,12.1,2,1,89.2,0.14,Good Credit
29,100915.76,60879.92,165887.07,3.2,3.1,5,0,98.4,0.263,Bad Credit
28,53241.79,39220.82,48907.37,4.6,4.8,2,1,92.1,0.287,Good Credit
44,50634.91,36608.18,220665.61,10.4,10.1,4,3,59.5,0.258,Bad Credit
23,34439.15,21232.47,116716.16,0.7,1.7,1,2,76.4,0.311,Bad Credit
34,49950.39,11289.67,29076.08,8.8,5.4,5,2,92.1,0.037,Good Credit
40,28172.87,30779.4,89605.29,10.5,13.8,2,0,100.0,0.41,Good Credit
64,37484.38,16774.33,84366.67,20.7,13.7,2,3,72.0,0.14,Bad Credit
65,60496.37,17450.48,23857.16,15.6,17.5,4,0,100.0,0.146,Good Credit
27,95709.61,41459.89,246133.3,2.2,3.9,6,2,63.4,0.07,Bad Credit
61,178967.06,52329.41,177453.45,26.7,10.8,3,2,80.7,0.087,Good Credit
25,42990.0,10077.08,70435.13,2.2,4.3,3,1,90.4,0.01,Good Credit
54,100500.15,21844.72,322352.75,13.5,10.4,1,1,97.3,0.068,Good Credit
59,60929.0,1000.0,72944.64,18.7,21.4,4,1,83.8,0.05,Good Credit
61,51614.84,15708.67,210529.48,16.6,21.6,2,3,51.3,0.166,Good Credit
31,65958.31,43539.92,211160.87,4.0,7.5,3,1,97.5,0.22,Good Credit
61,56449.03,26896.14,193293.27,18.4,22.0,1,3,58.1,0.223,Good Credit
26,57610.19,21059.02,154993.8,2.8,4.5,6,1,90.0,0.135,Good Credit
44,46332.02,15331.84,172792.78,10.0,10.9,3,0,100.0,0.214,Good Credit
42,30573.3,11772.54,54449.36,10.2,10.7,4,0,100.0,0.146,Good Credit
35,28760.72,10098.38,64842.86,7.6,9.0,3,2,81.4,0.01,Bad Credit
21,72363.07,44807.21,192609.62,0.0,1.4,1,1,88.1,0.301,Bad Credit
55,48965.66,11243.57,176953.55,13.6,16.8,3,1,81.5,0.064,Bad Credit
36,42818.74,20912.35,22383.74,5.5,6.0,4,2,89.7,0.179,Good Credit
50,55196.83,34984.46,147889.6,10.6,11.3,2,2,78.3,0.274,Bad Credit
39,76800.01,36623.61,265640.53,8.8,8.3,2,3,70.3,0.105,Bad Credit
37,59328.28,43132.65,91924.75,10.2,4.8,4,1,97.3,0.295,Good Credit
60,41753.79,14161.71,156122.01,15.7,17.5,5,1,76.1,0.168,Good Credit
25,92054.08,64355.91,171589.85,2.7,1.8,2,2,85.4,0.301,Good Credit
54,106760.83,59356.68,112665.47,21.0,17.1,5,2,79.4,0.186,Good Credit
54,67697.35,42460.83,191465.11,11.6,19.1,1,3,69.1,0.31,Good Credit
38,82787.07,47969.92,165943.27,6.1,9.5,2,3,68.7,0.172,Bad Credit
32,92661.81,56269.29,65003.19,4.7,7.4,4,2,78.5,0.205,Bad Credit
21,88409.1,62737.7,68001.61,0.0,0.8,2,2,81.8,0.276,Good Credit
63,71183.06,25402.24,73358.27,23.6,12.3,1,1,87.9,0.16,Bad Credit
63,70713.67,45900.56,252751.94,15.4,23.8,2,1,94.3,0.24,Good Credit
31,68414.9,34958.46,279444.24,6.7,7.4,2,2,97.8,0.278,Good Credit
22,34690.0,12357.73,109702.77,0.5,2.1,3,3,62.4,0.16,Bad Credit
26,73820.53,51120.54,52473.36,3.2,4.1,5,2,60.5,0.282,Bad Credit
24,31121.26,1000.0,92148.94,2.0,3.2,3,2,81.1,0.028,Bad Credit
58,39393.52,16464.69,154577.01,20.5,21.8,5,1,90.5,0.211,Bad Credit
61,95090.64,11019.83,352609.8,28.8,23.2,1,1,84.8,0.061,Bad Credit
27,78274.8,15483.03,144094.45,4.5,4.9,3,1,82.5,0.01,Good Credit
54,102723.45,72667.19,96222.6,16.3,10.1,5,1,93.4,0.348,Good Credit
29,49069.12,9995.41,196895.61,3.2,3.0,3,1,80.8,0.089,Good Credit
37,33899.11,6923.21,139865.4,7.9,7.5,2,1,88.5,0.123,Good Credit
47,49717.13,1000.0,28129.45,11.4,13.4,4,1,92.6,0.01,Bad Credit
53,57408.15,20221.53,242038.96,18.0,19.4,4,1,93.6,0.031,Good Credit
60,56855.24,32934.99,46580.05,19.6,16.1,4,3,69.1,0.095,Bad Credit
23,88542.17,57359.07,52305.64,1.1,1.8,3,0,100.0,0.202,Good Credit
29,47256.94,10220.61,158990.11,5.2,6.2,4,0,100.0,0.118,Good Credit
33,63763.93,33148.26,147518.86,5.5,5.2,2,1,92.1,0.286,Good Credit
34,36310.6,14081.7,84587.83,7.3,9.3,4,1,89.1,0.173,Good Credit
65,66451.11,30043.29,260537.11,21.3,15.1,5,5,42.9,0.118,Bad Credit
55,55071.85,25127.15,228011.18,22.6,14.6,6,2,86.0,0.135,Bad Credit
35,40141.53,13109.84,6146.28,8.5,7.0,6,0,91.4,0.212,Good Credit
64,49813.44,14853.52,147660.64,15.2,17.0,3,2,75.5,0.041,Good Credit
43,50905.93,14703.1,198798.98,13.5,6.3,5,0,94.7,0.242,Good Credit
43,49100.44,17467.4,98176.73,9.2,8.6,2,1,89.3,0.255,Good Credit
40,115734.24,47810.22,500000.0,12.2,8.5,3,2,91.0,0.293,Good Credit
27,52772.27,44232.63,163167.2,3.5,3.4,4,1,86.4,0.358,Good Credit
63,49644.96,28702.66,43172.13,21.4,25.4,6,1,87.3,0.211,Good Credit
21,22791.87,2759.27,36218.77,0.0,0.8,2,2,77.1,0.07,Good Credit
28,37779.48,17135.92,153985.76,4.8,4.1,5,1,86.3,0.236,Good Credit
31,49246.7,34649.74,225063.54,6.6,3.4,1,1,94.5,0.242,Good Credit
33,41234.49,1000.0,48079.94,6.8,9.3,2,2,84.4,0.01,Good Credit
26,98263.28,47744.29,87511.99,3.2,4.5,5,1,92.6,0.177,Good Credit
21,51318.91,16903.83,207563.17,0.0,1.9,2,0,100.0,0.085,Good Credit
51,94488.65,55796.21,70561.45,20.0,20.3,3,2,90.6,0.311,Good Credit
64,56444.01,11158.49,67913.35,29.3,17.3,2,1,94.3,0.042,Good Credit
26,55866.72,31874.42,239449.45,2.0,4.2,2,2,72.3,0.234,Bad Credit
34,52986.58,12966.75,168002.08,5.8,6.0,2,3,63.1,0.157,Bad Credit
43,55087.76,18574.21,260311.36,10.1,15.1,3,1,85.6,0.212,Good Credit
62,113208.03,90088.54,338605.74,17.1,18.2,4,0,100.0,0.331,Good Credit
52,20761.42,4821.22,58192.62,15.7,13.6,5,2,80.5,0.116,Good Credit
55,23728.67,19611.27,98066.35,14.5,22.8,2,4,54.4,0.27,Bad Credit
47,43781.07,20342.62,87050.36,15.3,17.0,4,1,83.8,0.247,Good Credit
39,55336.62,43037.09,74315.4,7.0,13.4,3,1,88.2,0.387,Bad Credit
29,73492.04,19551.3,305870.8,3.7,3.0,2,1,93.0,0.01,Good Credit
59,67089.65,41997.06,210310.22,23.4,14.2,1,2,74.9,0.356,Good Credit
57,46803.12,6187.3,214279.32,18.3,14.4,3,0,100.0,0.011,Good Credit
22,84380.1,30242.38,94267.42,0.5,1.7,3,1,87.0,0.179,Good Credit
53,84776.23,52697.14,378951.4,21.4,15.4,2,1,84.4,0.253,Good Credit
24,59420.39,34354.78,140585.46,2.2,2.2,3,3,64.3,0.228,Bad Credit
54,82405.27,30807.54,257381.9,19.0,20.4,2,4,76.9,0.137,Good Credit
58,61672.87,16784.34,261955.67,14.1,13.6,4,2,85.9,0.049,Good Credit
26,43445.63,32510.53,88554.9,2.0,4.2,6,0,95.8,0.331,Bad Credit
40,73730.48,45181.07,261433.44,14.0,13.0,5,0,98.8,0.228,Good Credit
26,57615.45,18240.06,168821.01,3.1,3.9,3,1,98.2,0.048,Good Credit
46,55030.96,33463.65,200482.42,16.3,11.0,2,2,83.0,0.181,Good Credit
62,102102.14,18311.85,434036.35,25.4,14.3,3,0,99.2,0.01,Bad Credit
24,19647.83,6989.07,28461.85,1.3,1.8,2,0,94.9,0.111,Good Credit
38,30322.98,10160.43,29378.68,9.0,11.0,3,2,81.7,0.163,Good Credit
64,33406.94,26183.86,33438.95,28.8,20.1,2,2,87.9,0.271,Good Credit
34,47217.46,14267.49,189884.36,9.1,4.3,2,2,87.4,0.179,Bad Credit
26,49422.1,10667.34,221095.25,2.2,5.1,1,1,90.8,0.079,Good Credit
42,29202.56,9362.05,145921.67,12.4,12.4,2,2,82.8,0.111,Good Credit
43,36363.55,22201.83,35619.02,9.1,14.7,2,0,98.1,0.245,Bad Credit
50,38312.63,6918.07,73374.0,21.3,13.6,5,2,70.5,0.156,Good Credit
35,154385.28,57211.38,500000.0,6.3,10.7,5,0,100.0,0.066,Good Credit
64,117221.44,92253.01,421752.47,27.5,15.2,5,1,90.3,0.414,Good Credit
44,46265.59,1000.0,33491.63,10.2,8.4,3,1,85.4,0.066,Good Credit
33,47211.06,22500.02,126464.15,7.2,9.1,1,1,79.0,0.189,Bad Credit
64,33942.49,13512.4,23930.82,26.4,27.9,4,1,86.7,0.23,Good Credit
62,24678.15,9918.41,72342.2,19.7,19.8,3,2,77.6,0.141,Good Credit
43,52365.27,12595.84,71773.85,14.9,7.5,3,1,90.5,0.113,Good Credit
22,36170.19,19112.36,6659.03,0.7,1.5,2,0,100.0,0.179,Bad Credit
47,53074.47,9901.26,13369.5,18.0,16.0,4,2,86.7,0.133,Bad Credit
45,28085.31,10922.73,128600.72,11.6,15.9,4,1,96.9,0.113,Good Credit
27,39937.03,25460.75,129702.82,3.9,3.5,1,2,72.2,0.252,Good Credit
49,58542.71,7797.01,252034.05,16.1,8.5,3,2,72.9,0.094,Good Credit
58,64144.68,38144.19,167857.64,21.7,20.7,3,1,94.4,0.301,Bad Credit
25,65540.71,45667.79,117641.09,2.2,3.8,1,0,100.0,0.229,Good Credit
53,31586.44,1000.0,58372.83,18.9,14.7,2,2,74.6,0.058,Good Credit
27,78751.8,27507.2,227935.02,2.4,4.3,2,1,94.5,0.081,Good Credit
54,39300.78,8029.37,78064.34,16.9,23.2,3,1,94.3,0.01,Good Credit
39,71746.1,20837.86,266808.84,7.6,7.3,5,1,85.4,0.071,Good Credit
21,54754.79,23136.93,181851.6,0.0,1.4,5,3,77.6,0.219,Bad Credit
64,30853.51,10897.32,131682.17,17.2,22.7,2,3,59.3,0.141,Good Credit
28,48160.06,1000.0,82679.45,3.0,4.7,1,0,97.6,0.01,Good Credit
47,64121.9,24998.91,161407.09,17.2,17.3,3,4,60.9,0.159,Good Credit
29,71149.17,46026.63,91579.35,4.6,5.4,1,2,74.4,0.26,Good Credit
62,51837.73,25347.62,34993.75,14.7,19.9,5,2,77.1,0.233,Bad Credit
54,104656.16,7859.65,350755.66,22.0,10.8,2,1,87.7,0.01,Good Credit
57,83972.36,50407.29,231331.17,25.7,20.7,5,2,77.3,0.234,Bad Credit
40,49379.65,5718.72,174734.91,13.3,6.7,3,0,100.0,0.054,Bad Credit
42,75368.12,45924.1,42493.96,14.3,6.3,2,1,91.6,0.162,Good Credit
49,123906.4,44159.73,500000.0,20.9,13.8,4,0,89.1,0.06,Good Credit
56,125303.24,80185.05,500000.0,20.5,18.2,2,1,86.9,0.234,Good Credit
59,32837.57,8663.39,78531.07,27.9,26.6,2,4,51.4,0.106,Good Credit
21,37270.02,1000.0,124835.59,0.0,1.6,5,1,81.9,0.011,Bad Credit
50,102616.53,34193.31,141801.49,13.8,18.9,2,0,100.0,0.1,Good Credit
25,35263.74,5242.46,123659.87,2.8,2.7,3,1,98.6,0.024,Good Credit
33,31559.22,1000.0,109220.2,8.0,6.8,2,1,92.7,0.01,Good Credit
58,44841.39,23840.24,162310.64,24.4,25.6,3,1,88.1,0.231,Good Credit
32,65616.58,43263.95,223496.03,7.8,5.8,5,0,88.4,0.338,Bad Credit
56,52684.78,1000.0,130200.56,17.6,21.8,2,1,90.6,0.01,Good Credit
41,41850.2,22811.79,159928.04,10.2,10.6,4,1,96.0,0.255,Good Credit
31,41436.58,24733.69,109231.69,6.1,4.4,4,3,87.5,0.232,Good Credit
36,40778.36,29382.18,43728.04,9.7,8.7,4,3,58.4,0.32,Good Credit
44,38013.42,25793.02,32153.94,16.1,8.8,1,0,94.5,0.343,Bad Credit
55,143397.28,77875.33,500000.0,23.8,9.3,5,0,100.0,0.172,Good Credit
48,62320.34,26391.09,178869.6,17.2,10.3,2,1,85.7,0.226,Good Credit
62,79819.83,36733.77,189877.45,30.0,14.4,4,1,90.7,0.109,Bad Credit
60,44787.12,25699.81,172950.12,16.4,16.7,3,1,90.8,0.237,Good Credit
54,50867.86,3568.35,149837.6,24.1,21.8,1,1,92.8,0.014,Bad Credit
48,40757.53,13096.4,82783.83,10.1,12.2,4,2,89.2,0.131,Good Credit
34,18058.49,3501.94,40090.2,7.4,9.4,3,4,52.2,0.018,Good Credit
39,30832.5,11433.61,85983.11,6.9,9.9,1,4,66.5,0.175,Bad Credit
26,25709.83,5370.5,84074.98,2.9,2.0,6,0,95.4,0.179,Bad Credit
37,21379.32,17198.39,52749.18,8.1,6.2,3,4,55.0,0.263,Bad Credit
62,33290.84,21661.74,120374.23,15.7,27.4,4,1,88.4,0.272,Good Credit
40,95948.79,64272.08,312774.12,11.6,10.8,3,0,94.5,0.319,Good Credit
26,53983.04,20591.71,169320.18,3.2,5.0,4,2,75.1,0.135,Good Credit
50,94572.81,57512.44,409202.68,12.2,12.0,4,2,79.6,0.325,Good Credit
64,65362.31,45792.6,49223.1,27.0,24.7,5,3,59.5,0.254,Bad Credit
60,76401.92,8431.64,246348.22,16.4,23.5,3,1,93.3,0.037,Bad Credit
33,37673.48,19932.15,107065.8,4.9,9.6,4,0,100.0,0.152,Good Credit
41,68538.29,16807.63,34754.02,8.2,5.9,4,2,84.9,0.106,Bad Credit
44,74693.51,48255.23,251455.65,13.6,16.4,3,2,92.1,0.259,Bad Credit
32,43169.81,22708.47,140928.38,7.3,5.7,2,0,100.0,0.249,Bad Credit
33,69570.47,20237.48,170590.09,7.1,8.8,2,2,73.4,0.078,Good Credit
31,69764.97,12973.29,279098.85,6.7,6.1,1,1,88.6,0.033,Bad Credit
65,43663.87,1000.0,79712.55,25.8,22.4,4,2,77.4,0.037,Good Credit
54,34321.45,10586.06,56735.39,22.1,14.2,4,1,88.5,0.207,Good Credit
58,33448.24,12389.82,68001.98,27.4,23.3,3,3,73.7,0.186,Good Credit
57,57035.02,18298.09,112035.03,18.2,13.9,5,1,93.6,0.239,Good Credit
64,63097.26,4526.2,214446.38,17.6,20.6,3,0,100.0,0.062,Bad Credit
25,39427.85,10862.78,170591.19,1.6,3.3,3,0,100.0,0.141,Good Credit
60,55617.56,31112.96,188660.52,23.0,23.0,2,0,100.0,0.265,Good Credit
23,69892.53,25827.81,104839.41,1.1,2.2,4,1,100.0,0.237,Bad Credit
42,71305.49,40286.77,148343.98,8.9,12.5,4,2,90.0,0.3,Good Credit
47,105543.46,36454.79,113947.2,18.3,12.9,6,0,100.0,0.073,Good Credit
37,94034.82,70322.3,306147.77,11.7,9.8,2,1,92.1,0.347,Bad Credit
27,36117.98,10653.42,53255.96,2.7,4.7,2,0,90.9,0.134,Good Credit
29,111546.26,62058.5,266130.21,3.5,5.9,4,3,69.9,0.211,Bad Credit
58,44005.87,32692.76,159116.43,16.1,23.2,1,1,95.4,0.191,Good Credit
35,85300.45,59254.2,272086.82,7.1,7.9,3,1,89.5,0.185,Good Credit
34,56593.13,31403.82,85628.24,9.0,5.2,3,1,84.1,0.2,Bad Credit
62,46257.82,20890.19,86698.81,24.1,23.0,6,1,89.5,0.093,Good Credit
27,25741.4,7823.88,79572.06,2.3,2.5,3,2,78.5,0.101,Good Credit
62,51176.28,28403.35,147366.72,22.1,14.9,3,2,68.6,0.265,Bad Credit
62,28571.0,19605.61,32666.73,15.8,24.9,4,1,92.9,0.24,Good Credit
47,82566.07,61156.79,331398.15,13.3,12.3,5,1,89.3,0.301,Good Credit
28,103999.5,40450.68,239668.85,3.6,4.5,4,2,79.3,0.091,Bad Credit
28,39355.3,10555.77,118982.94,4.3,6.4,4,2,86.9,0.125,Bad Credit
33,62437.18,35212.04,73645.47,6.8,5.2,4,2,70.4,0.256,Good Credit
46,40555.39,7793.77,77694.3,17.5,7.2,3,2,85.0,0.01,Bad Credit
27,42240.08,17944.78,69398.27,2.1,2.7,2,3,81.4,0.125,Good Credit
41,76143.59,19399.09,107651.89,13.2,8.0,4,1,90.5,0.026,Good Credit
26,54116.93,38513.48,170703.49,1.8,4.3,1,0,100.0,0.315,Good Credit
45,114203.89,23116.89,282926.16,11.3,15.1,1,2,89.6,0.091,Good Credit
21,44916.07,23812.41,188383.3,0.0,1.4,3,1,81.9,0.209,Bad Credit
52,83684.56,1000.0,354842.73,19.4,12.0,2,3,82.5,0.01,Good Credit
23,57296.92,34441.89,83763.66,0.8,2.3,2,1,95.7,0.26,Good Credit
29,76827.29,43231.45,63370.27,4.4,2.8,2,1,91.4,0.246,Good Credit
28,45582.64,5539.91,162150.53,4.5,5.2,4,2,61.2,0.019,Bad Credit
58,53867.02,13510.86,246338.31,26.8,19.8,4,0,99.7,0.062,Bad Credit
23,52395.65,19768.38,199861.35,1.2,1.3,7,2,71.4,0.147,Good Credit
40,38713.53,14116.8,23030.76,6.8,12.7,3,1,100.0,0.134,Bad Credit
47,72632.13,39782.98,106940.38,14.3,16.1,2,2,84.7,0.343,Bad Credit
44,72272.07,29123.66,50795.86,9.5,9.7,2,1,82.8,0.138,Good Credit
51,70571.48,44335.27,256428.38,11.1,16.6,4,1,82.3,0.269,Bad Credit
57,104884.4,33413.69,302625.94,21.2,19.1,5,1,94.7,0.155,Good Credit
38,101094.73,59261.97,239773.59,11.2,6.1,3,1,90.9,0.319,Good Credit
58,46986.32,7125.11,117017.41,13.5,13.1,3,1,91.9,0.012,Good Credit
35,64329.3,47281.09,84381.89,9.3,8.9,3,2,90.2,0.374,Good Credit
65,42326.82,32305.52,105258.25,27.8,29.3,6,2,70.8,0.296,Bad Credit
43,55542.16,31118.29,44435.37,14.3,12.0,3,4,68.4,0.374,Bad Credit
54,42752.96,19264.02,115802.94,14.8,17.2,4,2,82.4,0.202,Good Credit
60,108609.92,22311.6,360004.09,19.8,21.4,5,0,91.8,0.01,Good Credit
56,64077.06,35405.79,221276.67,13.9,16.2,4,0,93.0,0.209,Good Credit
59,50187.25,23135.31,79855.22,16.9,11.1,3,0,100.0,0.265,Bad Credit
45,90799.43,14887.1,341096.85,11.3,11.0,1,2,81.9,0.07,Good Credit
22,22102.15,9196.75,58502.16,0.5,2.4,2,3,68.7,0.163,Bad Credit
43,23603.86,8692.1,34351.89,9.2,14.3,5,1,79.1,0.19,Bad Credit
29,76829.25,49362.93,104903.16,3.4,6.8,2,1,88.8,0.236,Bad Credit
61,56414.71,32330.03,181013.45,28.4,13.4,2,0,94.3,0.217,Bad Credit
31,61100.54,27426.94,105005.43,6.6,5.9,1,2,79.1,0.123,Good Credit
31,31508.17,23236.12,29135.87,4.9,6.3,1,1,88.8,0.399,Bad Credit
32,54465.91,11696.72,48526.88,8.0,4.7,1,1,87.7,0.013,Good Credit
49,127588.1,37410.42,125446.91,12.5,10.2,6,0,100.0,0.127,Good Credit
46,77749.88,8784.59,202756.1,12.8,15.8,5,0,100.0,0.074,Bad Credit
63,59063.31,26306.16,182181.59,28.4,23.3,4,2,77.8,0.177,Good Credit
39,45738.05,12197.38,40975.67,9.5,10.7,4,1,80.9,0.031,Good Credit
33,46600.56,21530.9,155368.94,5.3,5.4,2,4,47.4,0.125,Bad Credit
23,22489.98,1000.0,30406.14,1.0,2.3,1,1,100.0,0.049,Good Credit
21,61285.43,17636.53,85876.31,0.0,0.8,2,0,98.0,0.068,Good Credit
37,78448.01,43757.5,105929.36,9.6,5.7,3,2,83.8,0.099,Good Credit
62,28376.83,4190.95,96473.16,21.0,20.1,3,3,64.9,0.082,Bad Credit
44,41659.86,5414.51,166317.31,12.0,9.7,1,1,87.5,0.01,Good Credit
61,33824.93,25459.3,59643.95,18.2,27.4,3,2,79.9,0.339,Good Credit
25,36667.31,9162.31,5000.0,2.3,3.1,4,2,78.1,0.088,Bad Credit
25,56249.41,22122.97,77021.53,1.8,2.0,5,0,99.4,0.142,Good Credit
58,22917.12,4709.31,22740.86,25.8,10.3,2,2,75.1,0.085,Good Credit
25,71188.18,41786.49,261324.08,2.6,3.8,1,1,100.0,0.166,Good Credit
23,75486.39,16730.81,66217.46,1.0,1.6,3,2,70.5,0.039,Good Credit
39,49494.92,30451.24,214941.01,11.7,6.8,3,2,76.0,0.231,Good Credit
62,19403.15,19521.1,63232.54,14.5,18.5,3,0,99.0,0.334,Good Credit
52,36191.97,17631.72,88559.03,15.1,12.1,4,1,93.5,0.238,Good Credit
25,92309.96,26153.18,345814.7,2.1,3.5,2,2,79.3,0.095,Good Credit
58,18000.0,4908.62,10944.78,19.9,17.8,3,0,99.2,0.022,Good Credit
58,47530.58,19584.42,151520.06,24.0,11.8,4,0,100.0,0.131,Good Credit
57,33506.28,20616.04,37512.66,26.5,22.0,2,0,100.0,0.252,Good Credit
61,77111.52,34177.97,282605.45,20.1,18.1,2,2,72.8,0.151,Bad Credit
31,41420.89,9348.8,120209.54,4.9,6.4,1,2,74.8,0.114,Bad Credit
65,65169.65,11845.17,37324.53,26.1,11.8,1,1,79.6,0.107,Good Credit
35,69743.66,22543.0,282101.07,6.5,8.5,4,1,90.2,0.273,Good Credit
57,118931.54,14366.49,44052.16,14.6,14.2,3,2,83.0,0.117,Bad Credit
47,50506.27,12243.93,38689.18,19.1,13.0,3,1,88.6,0.01,Good Credit
56,64410.19,35373.3,242169.01,23.6,14.0,3,0,99.8,0.198,Good Credit
49,29476.99,7982.0,85530.55,20.5,20.1,3,0,99.3,0.092,Good Credit
49,90677.28,10822.34,388949.98,12.2,10.6,4,4,42.8,0.082,Good Credit
48,39961.62,17063.5,120715.55,9.6,18.5,5,5,56.1,0.115,Bad Credit
56,43458.93,14046.12,156051.13,18.4,23.5,4,3,67.3,0.097,Good Credit
54,54488.47,11958.8,82736.54,23.9,15.1,5,0,98.9,0.013,Good Credit
27,28529.02,2839.35,43529.6,2.4,3.3,3,6,35.0,0.01,Bad Credit
58,60546.8,4648.73,248689.24,14.7,16.1,3,0,95.7,0.01,Good Credit
45,82571.87,16007.39,74810.45,9.1,17.4,5,1,85.9,0.059,Good Credit
35,62200.65,17134.18,124664.55,9.2,8.5,3,2,82.9,0.039,Bad Credit
44,28219.02,7128.8,25999.38,15.3,12.2,3,1,91.0,0.16,Bad Credit
64,52213.09,14077.31,84430.95,27.0,12.2,2,1,86.6,0.136,Good Credit
59,75112.37,1000.0,193467.58,14.1,24.2,3,2,85.7,0.01,Bad Credit
58,24992.55,10488.17,98165.15,23.7,11.3,5,1,94.3,0.169,Bad Credit
41,35020.42,4418.62,139195.38,10.6,6.2,2,1,91.3,0.01,Good Credit
56,79478.1,36810.24,307379.33,14.5,13.7,2,0,100.0,0.266,Good Credit
38,61606.86,15964.53,84092.21,8.0,8.8,2,1,90.3,0.201,Bad Credit
51,65389.47,25073.59,143909.46,16.5,20.1,3,0,99.2,0.15,Good Credit
49,120099.55,33041.44,38149.06,13.5,17.5,3,1,94.6,0.059,Good Credit
32,66962.0,3542.85,230312.04,8.1,4.6,2,2,80.8,0.01,Good Credit
32,72504.32,49185.58,120409.93,5.9,5.6,2,1,79.2,0.244,Good Credit
23,171716.75,27085.37,459409.71,1.0,2.8,4,1,90.7,0.057,Bad Credit
27,50276.37,3366.62,80124.34,3.7,4.1,4,2,75.5,0.109,Bad Credit
40,39339.24,3028.85,137106.3,11.6,7.0,5,3,71.3,0.088,Good Credit
42,65825.52,48557.64,267770.93,7.4,9.8,3,2,85.1,0.353,Good Credit
28,66135.75,31902.73,248762.83,4.2,5.0,7,1,83.5,0.203,Bad Credit
39,44084.7,22335.41,27028.53,8.1,13.4,5,0,91.1,0.133,Good Credit
48,35649.19,36863.3,177065.69,13.5,15.4,1,1,87.5,0.367,Good Credit
31,145106.48,17919.69,222425.99,6.3,3.3,3,0,92.3,0.053,Good Credit
36,63092.85,34303.2,98977.79,8.6,9.6,7,0,100.0,0.145,Good Credit
37,40438.14,9428.34,65840.26,8.0,6.7,3,3,59.4,0.112,Bad Credit
43,80803.79,39472.17,127271.6,9.2,14.9,2,2,85.7,0.244,Good Credit
37,52535.66,18292.59,131956.34,8.8,7.7,3,3,73.7,0.172,Bad Credit
54,49457.96,16995.27,77650.65,15.8,11.9,3,0,95.4,0.168,Good Credit
35,69650.35,48742.13,168245.4,10.0,7.4,2,2,77.4,0.168,Bad Credit
40,31968.23,4674.73,105792.99,10.7,7.7,2,0,100.0,0.138,Good Credit
38,63779.81,50769.22,252625.78,11.8,6.9,2,5,66.5,0.224,Bad Credit
29,122826.67,36027.6,408070.24,4.0,5.3,6,2,64.4,0.108,Good Credit
51,66895.24,28986.3,167848.66,20.4,18.4,1,1,92.5,0.21,Bad Credit
31,46961.31,49284.89,54131.76,3.7,7.6,3,2,64.0,0.441,Good Credit
34,44449.29,1000.0,151258.93,6.1,6.5,3,1,87.5,0.01,Good Credit
56,46292.98,32720.86,16743.71,13.3,10.5,2,1,98.9,0.217,Good Credit
63,49435.5,14642.5,105751.16,15.2,20.0,3,0,100.0,0.136,Good Credit
51,46929.87,26068.92,25951.87,21.5,14.0,2,3,77.0,0.253,Good Credit
62,80816.73,7814.31,242375.73,26.1,14.5,1,0,93.8,0.01,Good Credit
59,26559.44,9032.14,68025.81,22.8,24.9,1,1,84.1,0.16,Good Credit
42,78994.1,46417.56,228565.23,11.8,15.4,3,2,76.1,0.144,Bad Credit
55,46892.83,19681.0,78766.23,19.6,10.0,8,2,72.2,0.205,Good Credit
35,64434.63,13054.27,164908.13,8.5,9.7,3,0,95.4,0.028,Good Credit
41,34260.68,1000.0,78675.01,13.6,11.7,2,1,85.7,0.017,Good Credit
45,96097.01,71462.54,32973.52,14.1,9.6,2,3,70.3,0.292,Bad Credit
64,92804.94,1000.0,208983.12,27.9,23.2,3,2,75.7,0.074,Good Credit
59,82299.19,52594.9,243284.89,17.6,12.4,2,1,86.3,0.27,Bad Credit
43,29111.58,26928.98,99917.83,16.3,6.9,4,1,90.1,0.334,Good Credit
50,77910.76,7190.31,46119.7,10.5,20.7,2,2,74.6,0.058,Bad Credit
30,65194.32,6334.28,220415.28,4.5,6.1,5,1,83.2,0.167,Good Credit
57,28025.62,15384.55,73335.61,25.3,13.7,4,0,96.5,0.264,Good Credit
45,54441.58,2653.67,12234.48,10.1,11.6,2,3,62.3,0.016,Bad Credit
44,64099.57,29813.88,63633.43,9.4,16.4,3,0,98.8,0.136,Good Credit
55,69469.29,35486.0,175334.07,16.9,15.7,7,1,79.3,0.167,Good Credit
49,59251.02,17163.29,86245.84,14.6,18.9,1,1,91.4,0.157,Good Credit
24,62156.19,24605.67,205873.72,2.2,3.6,3,2,85.1,0.105,Bad Credit
33,102130.35,54550.56,138248.24,8.2,5.8,3,1,79.8,0.214,Bad Credit
28,92044.06,40469.09,324779.94,3.7,5.3,4,1,85.6,0.262,Bad Credit
54,18000.0,1000.0,29076.09,24.4,18.5,2,1,84.1,0.031,Good Credit
22,48134.97,23173.61,142852.52,0.6,2.2,2,0,100.0,0.128,Good Credit
30,51325.09,29782.25,191169.65,6.3,4.8,3,1,86.9,0.363,Bad Credit
47,26349.57,2341.14,43210.3,11.7,7.9,3,1,89.7,0.141,Good Credit
52,57219.23,23793.49,25540.5,16.9,10.8,3,2,76.2,0.196,Bad Credit
43,92926.74,28160.49,239396.43,8.0,12.4,3,1,83.3,0.198,Good Credit
59,34847.27,2839.23,155485.41,13.4,23.0,5,1,98.4,0.017,Good Credit
62,63346.62,8275.23,270423.59,25.9,24.3,3,1,96.7,0.096,Good Credit
26,37438.04,2609.75,53760.33,2.0,3.9,5,1,87.2,0.01,Bad Credit
63,41476.63,23396.51,117878.58,23.9,12.8,4,3,63.7,0.144,Good Credit
48,102292.72,15909.3,174632.95,17.0,7.7,2,0,100.0,0.218,Good Credit
49,43792.34,23415.85,42094.72,10.2,17.4,2,3,58.9,0.129,Bad Credit
25,66783.93,15442.83,196208.68,2.1,3.3,4,1,100.0,0.11,Bad Credit
48,25063.72,4415.8,85933.37,16.8,16.9,3,1,100.0,0.088,Good Credit
53,120242.02,38978.93,314216.24,22.6,11.0,1,1,88.8,0.161,Good Credit
47,70841.66,29402.55,271305.07,12.2,12.0,3,4,67.5,0.161,Good Credit
24,50941.77,32777.98,83419.19,2.2,3.7,2,3,63.1,0.253,Good Credit
44,70039.73,52150.57,219344.08,15.8,8.3,2,1,80.0,0.306,Good Credit
63,30423.31,18313.21,39617.62,25.6,12.4,4,1,92.7,0.27,Good Credit
53,90377.57,11253.02,49435.03,16.2,17.9,3,2,82.1,0.05,Bad Credit
27,48002.81,17566.38,79543.73,3.8,4.4,2,1,91.7,0.142,Good Credit
64,50482.36,12595.92,212667.82,29.1,29.0,3,1,92.2,0.021,Good Credit
64,44738.65,33082.89,68140.81,20.3,28.2,4,2,70.8,0.417,Good Credit
28,43097.27,16882.44,19443.05,5.2,5.5,2,1,87.6,0.189,Good Credit
57,73633.11,20333.67,259064.15,25.7,10.0,6,2,92.6,0.123,Bad Credit
39,61240.83,13474.22,278844.7,9.8,9.3,2,1,85.9,0.051,Good Credit
47,72317.59,1000.0,317920.32,16.6,17.6,2,1,90.1,0.01,Good Credit
41,54797.22,9301.22,171236.34,11.2,9.7,3,2,80.9,0.119,Bad Credit
56,68229.51,41384.16,142647.76,22.9,24.1,3,3,57.8,0.233,Bad Credit
65,46127.84,36907.13,121478.28,30.0,24.0,5,0,100.0,0.357,Good Credit
56,140305.27,106640.56,500000.0,12.6,11.2,3,2,79.5,0.223,Good Credit
62,28468.62,1000.0,129113.39,15.6,20.0,4,0,100.0,0.107,Good Credit
63,93403.32,35819.38,351909.06,20.4,23.8,2,0,100.0,0.207,Bad Credit
25,97695.38,21808.73,258930.05,2.9,1.9,2,1,94.3,0.084,Good Credit
32,38452.61,14174.7,28643.21,5.6,5.4,4,2,84.4,0.176,Good Credit
53,140278.27,31859.0,413059.67,22.6,18.8,4,3,91.3,0.135,Good Credit
47,83549.49,30479.67,84653.07,13.9,9.1,3,3,80.5,0.066,Good Credit
23,82699.34,38917.3,73789.44,0.9,1.9,5,0,100.0,0.289,Bad Credit
25,55651.14,12297.94,161491.7,2.8,3.7,2,4,64.6,0.117,Bad Credit
44,50204.18,15536.85,139637.6,13.2,14.6,1,1,91.6,0.082,Good Credit
48,50369.28,29076.5,189266.16,13.3,13.7,2,0,98.8,0.165,Good Credit
28,64803.27,7152.63,218420.86,2.6,6.3,4,0,100.0,0.103,Good Credit
28,99070.47,68072.9,369380.63,2.8,6.2,3,1,98.3,0.288,Bad Credit
26,59351.96,27033.63,218704.23,2.0,3.5,4,1,91.0,0.211,Good Credit
46,37506.97,15246.97,120196.53,12.4,8.8,2,1,90.9,0.164,Bad Credit
21,77757.31,47465.15,35120.33,0.0,1.7,3,0,96.1,0.184,Bad Credit
46,80981.16,45208.69,248616.26,11.8,9.7,1,1,93.6,0.254,Good Credit
42,72406.07,46321.59,36868.45,7.9,14.1,4,3,65.9,0.244,Good Credit
41,75221.92,44462.69,67483.78,9.1,11.2,2,0,100.0,0.235,Good Credit
51,49084.5,18921.36,45874.78,15.4,13.5,2,2,84.6,0.297,Good Credit
44,37231.6,3303.01,148553.83,17.2,12.3,3,0,99.1,0.088,Bad Credit
53,38194.52,5821.72,141073.47,16.2,16.2,5,2,82.8,0.117,Bad Credit
55,27672.49,13457.06,139275.99,13.1,22.9,1,2,95.5,0.358,Good Credit
62,60755.13,3537.59,266588.31,23.9,14.8,5,2,82.5,0.046,Good Credit
56,53105.72,6554.78,183885.54,25.1,23.6,2,1,88.9,0.057,Bad Credit
44,45720.11,1000.0,44062.28,15.3,6.8,3,4,54.2,0.01,Good Credit
43,18000.0,7573.56,75035.25,15.1,13.9,7,1,90.3,0.141,Good Credit
31,32572.22,2956.48,109511.7,7.2,8.0,2,2,76.4,0.01,Bad Credit
47,88065.98,38604.55,351962.16,15.7,11.8,4,1,89.0,0.223,Bad Credit
27,41603.75,32847.7,37100.05,4.5,2.5,6,1,89.9,0.24,Bad Credit
62,63993.51,39604.57,36099.16,14.9,25.2,3,0,91.7,0.302,Good Credit
59,30668.78,14528.98,138501.37,26.0,24.1,4,4,62.7,0.187,Good Credit
26,100643.99,41040.22,103529.62,3.5,3.1,4,2,85.7,0.171,Good Credit
56,51771.59,24216.04,92857.9,25.1,17.4,2,2,79.7,0.185,Bad Credit
26,62125.1,23393.59,134056.59,2.7,4.6,3,0,86.5,0.234,Good Credit
53,146080.92,65805.68,151497.13,21.3,11.4,4,1,92.3,0.253,Good Credit
24,103984.1,27632.9,49777.01,1.3,3.0,5,1,84.1,0.105,Good Credit
42,48355.29,34888.11,217613.7,12.4,10.1,1,2,70.8,0.235,Good Credit
50,42870.36,8818.91,164627.31,14.3,10.2,2,1,94.9,0.138,Good Credit
53,47971.37,26483.63,205572.54,18.8,20.4,6,0,87.8,0.162,Bad Credit
39,68134.96,30917.62,126987.4,11.2,8.0,5,0,95.9,0.088,Bad Credit
62,52622.25,7316.22,78254.0,20.0,27.4,4,2,82.5,0.086,Good Credit
55,46587.42,32826.72,110282.08,14.8,17.7,3,1,86.6,0.355,Good Credit
30,101854.91,12673.15,239143.9,4.3,5.5,3,3,61.4,0.025,Bad Credit
51,52424.03,32875.14,5000.0,18.5,13.8,2,2,82.2,0.275,Bad Credit
53,144482.82,73684.97,500000.0,19.9,14.4,2,4,74.8,0.179,Good Credit
36,57136.61,13068.07,253259.15,9.7,10.4,4,3,74.3,0.135,Good Credit
54,116415.64,16126.48,288024.63,13.2,18.8,1,3,72.2,0.121,Good Credit
61,63905.62,29674.51,111323.04,27.1,24.1,3,0,100.0,0.17,Good Credit
57,82415.76,17542.17,137596.34,22.5,16.3,2,2,91.6,0.023,Good Credit
55,40568.69,22263.46,12010.2,12.3,13.1,2,6,42.9,0.132,Bad Credit
49,38426.77,26057.81,53456.55,13.6,8.8,4,4,66.2,0.327,Bad Credit
33,66713.66,36794.12,162990.44,6.4,8.4,5,1,87.9,0.152,Good Credit
56,83306.41,13459.53,168927.16,17.3,15.8,4,1,88.5,0.087,Good Credit
37,55937.83,29612.94,148560.06,6.4,8.6,5,1,89.2,0.258,Bad Credit
44,32042.01,15397.93,117852.97,10.0,11.4,4,0,100.0,0.162,Bad Credit
35,31063.23,3278.28,57470.58,5.0,7.2,2,1,88.7,0.032,Good Credit
35,30202.84,1000.0,13082.45,5.4,8.9,2,0,100.0,0.073,Good Credit
28,26178.33,8253.38,25019.08,3.2,4.9,1,0,100.0,0.078,Bad Credit
64,57588.16,20621.81,57762.26,29.2,29.4,3,3,68.9,0.089,Bad Credit
27,88221.58,59793.65,220606.11,3.4,2.8,3,0,94.0,0.257,Good Credit
24,54690.97,25129.66,201738.19,1.6,2.9,2,3,63.8,0.26,Bad Credit
63,21284.07,7452.86,67366.12,25.8,12.4,2,3,64.4,0.237,Bad Credit
45,50765.34,17792.34,150875.44,13.6,15.5,2,0,100.0,0.134,Bad Credit
40,51365.03,1000.0,94269.66,7.6,10.9,2,3,54.6,0.01,Good Credit
54,132641.85,26604.33,142816.17,14.5,15.2,2,0,95.3,0.144,Good Credit
38,29824.65,21104.71,40880.41,7.5,11.4,1,2,81.2,0.183,Good Credit
26,46676.86,11225.85,82507.26,2.9,3.5,3,4,74.4,0.111,Bad Credit
53,112594.32,35235.48,455259.87,17.1,11.9,2,4,50.1,0.123,Bad Credit
28,66441.65,34958.62,172778.19,3.5,4.4,2,2,84.9,0.288,Bad Credit
45,69680.79,7134.59,81031.99,13.7,7.5,3,1,88.1,0.125,Good Credit
63,57711.63,7753.63,91686.35,31.0,27.4,4,2,87.9,0.01,Good Credit
63,63175.05,15455.74,63380.42,20.0,24.4,2,3,56.8,0.108,Good Credit
37,76243.27,56497.99,340851.64,8.9,10.5,3,0,95.1,0.262,Good Credit
56,39147.98,28308.86,5000.0,19.0,22.8,1,2,78.3,0.272,Bad Credit
48,79528.69,38402.3,22333.68,17.2,17.0,3,1,94.0,0.23,Good Credit
42,30897.4,1000.0,77606.81,13.5,10.1,6,0,96.0,0.01,Bad Credit
27,63133.26,10067.5,231048.64,3.8,2.7,4,2,93.4,0.075,Good Credit
37,59287.85,22619.12,122594.64,6.9,7.6,5,1,95.6,0.21,Bad Credit
50,42456.93,15438.73,117187.19,15.4,20.0,6,1,85.0,0.236,Bad Credit
65,54478.46,40920.53,60161.83,29.7,29.6,5,0,100.0,0.318,Bad Credit
21,42345.68,37131.2,32475.77,0.0,1.7,5,0,98.0,0.358,Bad Credit
53,35065.53,9625.53,149261.71,23.8,11.6,4,0,97.0,0.043,Good Credit
59,47409.14,25905.19,42588.64,18.8,13.4,2,3,85.4,0.314,Good Credit
63,34593.23,22470.54,11465.29,23.1,27.1,3,0,87.7,0.29,Good Credit
40,62985.73,24534.5,186945.06,10.3,6.7,4,3,75.3,0.164,Bad Credit
26,33929.92,18865.55,5000.0,2.6,3.9,3,0,96.4,0.228,Good Credit
33,74170.28,51137.97,38965.55,8.3,6.0,5,2,75.7,0.297,Good Credit
59,33485.48,12934.8,119856.61,15.7,15.2,4,3,67.9,0.201,Good Credit
60,43357.92,25990.51,93450.33,22.5,21.9,5,2,78.4,0.294,Good Credit
49,42309.0,9935.23,54409.31,16.7,19.6,4,1,94.2,0.191,Good Credit
26,95956.49,51046.28,156583.5,3.5,4.5,2,6,35.0,0.227,Bad Credit
26,63184.24,37723.19,217402.21,3.0,3.6,3,0,100.0,0.344,Good Credit
42,50320.12,22590.26,31579.24,15.4,10.2,3,2,74.2,0.243,Good Credit
47,67815.81,39047.7,67751.01,18.2,17.8,1,2,77.7,0.227,Bad Credit
22,22698.81,6859.03,69438.01,0.5,1.9,2,1,96.5,0.021,Good Credit
51,54012.59,9924.52,159120.25,20.8,14.8,4,0,100.0,0.079,Bad Credit
45,127267.24,21816.83,500000.0,17.6,14.1,3,0,97.5,0.162,Good Credit
21,58143.77,22820.37,119935.03,0.0,1.0,1,2,68.4,0.11,Bad Credit
25,56591.38,30944.11,32773.17,2.4,1.9,4,2,77.1,0.224,Bad Credit
41,69237.81,21487.53,177789.6,9.3,13.6,6,1,94.1,0.134,Good Credit
53,80116.95,20279.48,257454.57,19.5,17.3,6,1,96.3,0.158,Good Credit
58,23769.36,17165.61,12321.11,14.3,12.6,2,2,86.6,0.266,Bad Credit
40,27133.15,5875.51,92624.65,12.2,8.1,4,3,72.3,0.034,Bad Credit
34,60078.71,25552.66,94413.15,6.7,10.3,1,0,100.0,0.204,Good Credit
64,40734.89,15665.66,168666.67,25.2,23.2,2,0,100.0,0.109,Good Credit
41,95429.12,18003.81,350227.12,7.2,11.6,6,1,87.9,0.01,Bad Credit
35,48180.77,26874.69,71347.33,8.8,4.7,3,2,93.2,0.334,Good Credit
40,24406.03,11037.13,122681.83,10.4,14.0,5,1,85.2,0.237,Good Credit
21,32290.32,3128.92,144299.45,0.0,1.8,4,0,100.0,0.152,Good Credit
34,18000.0,13342.04,5560.77,6.2,7.5,3,2,79.2,0.349,Good Credit
44,49849.1,27752.93,112696.91,9.4,9.7,2,2,85.3,0.264,Bad Credit
62,50816.03,36747.52,132477.44,21.5,23.3,4,1,89.6,0.311,Good Credit
54,46019.21,25045.3,28052.45,24.0,21.0,5,0,100.0,0.207,Good Credit
56,86527.51,61389.2,178236.29,15.4,21.4,2,2,82.6,0.315,Good Credit
45,90986.53,24443.04,117119.46,14.9,17.3,3,2,80.4,0.074,Good Credit
25,51201.56,33255.24,218698.89,1.5,3.5,6,1,86.7,0.196,Bad Credit
38,22438.13,6166.85,63176.7,10.8,7.6,2,2,77.0,0.09,Bad Credit
65,71278.27,13224.46,254561.58,19.6,21.1,3,1,86.0,0.152,Good Credit
22,69448.43,9413.3,156600.7,0.5,2.3,3,5,55.3,0.01,Bad Credit
60,62632.08,9742.9,75905.09,19.4,15.0,3,0,100.0,0.01,Good Credit
51,83059.29,35621.23,327280.08,11.9,11.3,4,1,85.9,0.207,Bad Credit
33,33720.48,17726.46,5000.0,5.9,8.1,5,1,86.4,0.185,Good Credit
56,127869.53,63743.54,63889.07,17.2,16.3,3,3,64.4,0.229,Good Credit
58,36758.65,11178.14,81070.01,20.7,23.1,3,3,55.3,0.181,Bad Credit
22,75339.67,12090.86,219059.92,0.7,1.2,4,0,100.0,0.092,Good Credit
25,27075.98,2510.95,43863.12,2.2,2.7,4,6,45.6,0.01,Good Credit
50,37211.65,21532.11,30079.07,20.8,11.4,3,2,87.3,0.308,Bad Credit
65,103980.98,65558.02,199138.16,23.5,24.9,2,0,100.0,0.297,Good Credit
22,49291.68,36634.35,60601.0,0.4,2.2,3,3,71.5,0.299,Bad Credit
50,78265.01,50594.77,23392.83,12.8,13.8,5,1,88.6,0.257,Bad Credit
27,60755.31,47206.19,156732.86,3.1,4.0,5,2,81.4,0.333,Good Credit
50,52628.13,41914.03,51484.26,13.9,9.7,5,1,94.4,0.3,Good Credit
49,97529.05,31616.06,151658.81,19.5,16.5,4,3,79.9,0.032,Bad Credit
25,49796.09,1000.0,166565.32,2.5,4.5,6,0,100.0,0.053,Bad Credit
51,26034.52,5852.2,75826.6,17.4,18.5,3,1,93.8,0.131,Good Credit
61,39250.82,11373.71,59900.23,21.9,14.6,3,1,89.5,0.01,Good Credit
59,69326.95,15124.9,127979.14,19.3,20.5,9,0,95.7,0.118,Good Credit
22,64938.91,17333.17,85711.54,0.6,1.5,3,1,83.0,0.212,Bad Credit
32,28479.05,16682.94,135717.51,4.4,3.7,4,2,78.0,0.167,Good Credit
31,40573.26,8035.3,50156.71,4.2,4.2,5,0,100.0,0.075,Bad Credit
41,43077.9,35856.67,61417.1,9.4,6.7,4,0,99.9,0.322,Good Credit
27,47173.67,31528.36,107856.22,2.5,3.0,2,3,56.2,0.367,Good Credit
59,30859.65,14590.47,41941.83,23.6,23.3,6,0,100.0,0.256,Good Credit
55,42242.1,20657.1,34551.71,12.2,13.6,5,0,100.0,0.143,Good Credit
57,40500.6,2728.39,22659.7,14.9,21.6,1,1,93.2,0.047,Good Credit
29,76048.95,32933.29,248391.35,5.7,6.9,5,0,94.2,0.311,Good Credit
21,77259.06,15551.31,234320.76,0.0,1.4,3,3,59.5,0.043,Good Credit
61,51732.84,35854.35,143251.23,21.8,19.1,2,1,92.3,0.277,Good Credit
34,46650.17,12562.24,169278.77,7.1,8.8,3,2,82.4,0.139,Good Credit
50,58329.12,18532.09,65773.32,19.1,9.2,4,3,66.9,0.09,Bad Credit
61,39031.6,15445.44,153978.49,14.6,18.1,1,1,87.5,0.264,Good Credit
22,33976.32,16130.51,130143.47,0.5,1.8,10,1,88.3,0.162,Good Credit
21,37056.37,14502.82,135205.64,0.0,1.7,3,2,94.8,0.073,Good Credit
21,42127.96,17236.17,143147.8,0.0,1.7,4,3,70.2,0.132,Bad Credit
28,33739.67,12611.24,17836.26,5.2,5.9,4,1,88.7,0.189,Bad Credit
23,58873.92,35235.66,85985.01,1.3,2.6,5,1,85.6,0.192,Good Credit
57,74724.93,19341.87,164411.54,26.8,18.0,3,1,91.8,0.122,Bad Credit
48,28240.35,15776.67,29510.19,17.5,17.4,5,0,97.5,0.257,Bad Credit
65,55583.55,1594.88,139512.22,26.1,28.2,4,4,44.4,0.01,Bad Credit
57,50147.07,14136.14,25774.88,23.5,17.2,6,1,81.5,0.079,Bad Credit
64,63482.66,19725.91,23935.28,26.4,29.6,1,1,81.0,0.145,Good Credit
31,54701.93,15553.45,210813.63,5.4,7.8,5,2,73.4,0.156,Good Credit
33,29869.01,6978.37,93298.0,5.6,6.8,1,1,90.1,0.061,Good Credit
59,32366.69,1000.0,68582.06,21.2,11.4,3,3,85.3,0.021,Good Credit
32,55683.9,27353.26,72430.47,5.0,4.8,1,1,91.4,0.179,Good Credit
23,84725.89,17168.94,215803.95,1.1,2.8,2,2,82.0,0.125,Good Credit
51,21701.35,12911.73,110639.25,12.3,9.7,4,0,92.3,0.269,Good Credit
57,63595.22,35937.14,191481.54,20.7,17.1,7,1,95.9,0.204,Good Credit
64,90647.14,26779.85,263471.43,19.3,22.6,3,1,87.8,0.147,Good Credit
62,51576.3,37935.34,110244.23,19.2,26.5,2,1,95.3,0.269,Good Credit
26,69298.15,8340.11,99081.27,2.7,4.7,4,1,88.1,0.076,Good Credit
55,40937.4,1000.0,147663.15,14.1,20.6,3,1,78.9,0.038,Bad Credit
59,52310.62,35244.36,198735.73,27.9,16.9,2,1,84.1,0.412,Bad Credit
52,27842.11,16907.3,51302.16,16.4,10.4,1,2,79.8,0.223,Good Credit
57,20546.88,9057.52,40439.76,17.7,20.2,2,2,80.8,0.168,Good Credit
58,81719.68,12310.95,179584.92,13.4,12.9,5,1,82.7,0.021,Good Credit
41,36366.04,18207.72,67098.3,13.7,10.9,3,2,80.5,0.138,Bad Credit
22,45422.68,10801.25,175086.65,0.6,2.6,3,4,44.4,0.068,Good Credit
41,30723.49,9851.65,89303.24,10.3,10.8,5,2,86.9,0.168,Bad Credit
30,30421.39,14110.8,45737.43,4.0,6.1,3,1,93.2,0.23,Good Credit
26,51127.44,46320.92,86729.83,3.2,4.2,5,0,100.0,0.38,Good Credit
26,40484.16,5626.92,102250.39,3.6,4.7,2,3,75.5,0.038,Bad Credit
52,64462.33,42852.65,17283.76,15.6,14.4,2,1,84.9,0.236,Bad Credit
43,66513.13,37057.49,175057.49,8.9,11.2,3,0,100.0,0.168,Bad Credit
45,62934.22,29244.99,236909.01,9.4,8.7,3,1,85.6,0.152,Bad Credit
54,60797.31,36549.95,203384.8,11.6,17.9,5,1,96.6,0.163,Good Credit
45,106697.3,65779.35,127482.91,15.5,9.9,6,0,96.9,0.328,Good Credit
49,35126.08,7867.82,130766.64,20.8,14.0,4,1,87.6,0.2,Good Credit
24,53745.53,1580.96,177452.42,2.2,3.3,3,2,73.3,0.01,Good Credit
59,88505.34,44012.39,137186.13,25.2,10.5,5,3,70.6,0.216,Good Credit
41,93544.75,28438.89,253767.06,8.3,10.9,5,1,94.9,0.138,Bad Credit
27,30271.07,1000.0,48359.99,4.4,2.9,2,1,88.2,0.026,Good Credit
57,48237.85,9591.6,191047.48,17.3,14.1,7,1,83.8,0.044,Good Credit
54,97294.65,30669.7,99665.95,16.0,9.5,4,0,100.0,0.187,Good Credit
23,68082.92,8980.97,88752.92,1.2,1.6,4,3,55.6,0.077,Good Credit
29,59700.69,4850.54,134958.43,3.0,7.1,4,1,78.6,0.095,Good Credit
21,50194.51,42906.17,51508.6,0.0,1.9,3,3,70.6,0.298,Bad Credit
33,46811.87,14124.54,91591.02,9.0,8.1,4,1,88.6,0.038,Good Credit
25,62077.6,47974.41,231760.28,2.6,3.5,4,2,76.9,0.335,Bad Credit
52,49468.5,41089.94,58869.32,20.5,19.1,3,2,77.2,0.274,Bad Credit
44,54025.18,9905.93,149271.3,11.6,15.8,4,1,92.0,0.137,Good Credit
65,56845.93,26800.58,248666.78,16.6,21.5,6,2,85.4,0.061,Good Credit
54,41369.47,7275.27,92561.43,22.0,9.5,4,1,80.8,0.042,Good Credit
48,68774.12,34302.15,145551.78,15.9,16.0,5,0,96.8,0.163,Good Credit
43,187038.77,25750.68,500000.0,15.7,16.1,3,0,100.0,0.035,Good Credit
23,26075.57,2980.06,36637.09,0.8,1.8,3,0,100.0,0.061,Good Credit
24,63017.88,10537.51,70026.28,1.4,2.6,1,0,97.3,0.091,Good Credit
48,39966.97,19643.78,173731.78,13.3,11.8,2,2,73.1,0.235,Good Credit
21,70094.36,58353.17,146651.59,0.0,1.2,5,1,90.9,0.378,Bad Credit
22,56086.06,27710.5,69564.46,0.7,2.2,4,2,85.6,0.187,Good Credit
30,75740.44,43808.47,37105.84,6.6,4.8,3,0,100.0,0.358,Good Credit
60,90111.33,69140.58,334001.63,18.3,26.3,3,1,92.2,0.39,Bad Credit
41,59629.48,38790.12,25817.55,10.9,13.0,4,0,98.4,0.241,Bad Credit
52,88481.65,1000.0,301428.76,11.2,8.9,2,2,92.6,0.01,Good Credit
39,20547.27,11205.54,31593.71,8.1,12.1,4,2,84.5,0.198,Good Credit
28,107267.22,36988.56,285307.93,3.5,5.6,1,2,81.9,0.16,Good Credit
37,64383.62,11145.33,115021.24,9.4,8.7,1,0,89.1,0.011,Bad Credit
25,86489.88,36234.29,94184.71,2.2,3.1,3,1,88.9,0.12,Good Credit
55,32949.81,21796.09,81855.47,16.9,21.6,4,1,85.1,0.135,Good Credit
29,38799.6,12714.6,137542.12,4.8,4.6,3,2,76.0,0.107,Bad Credit
37,58476.63,27386.77,77327.0,10.9,6.0,2,1,91.2,0.251,Bad Credit
65,54607.83,7574.79,123675.81,19.7,17.6,3,0,100.0,0.046,Bad Credit
47,61943.46,7250.29,147980.57,12.7,10.3,4,0,100.0,0.041,Good Credit
41,86732.58,15129.37,113505.01,12.6,12.0,3,3,67.1,0.086,Good Credit
45,26204.75,24098.33,81243.83,15.9,8.7,6,2,78.7,0.308,Bad Credit
56,82792.48,57929.85,93951.42,23.8,19.3,8,2,92.5,0.281,Good Credit
32,55191.65,8516.51,139866.41,4.8,6.1,4,0,98.2,0.115,Good Credit
49,50488.46,12443.78,40370.09,15.8,18.2,4,0,96.7,0.117,Good Credit
60,29650.08,8317.33,93841.12,27.7,18.6,2,2,80.3,0.171,Good Credit
46,67939.23,4095.79,106803.35,12.7,17.4,4,0,100.0,0.1,Good Credit
41,19953.57,9675.93,50849.23,10.4,14.0,5,4,51.5,0.234,Good Credit
27,72215.79,33703.21,163521.5,4.5,2.9,2,0,91.3,0.144,Good Credit
32,29389.83,21283.48,112016.97,4.3,7.3,5,1,80.5,0.269,Bad Credit
63,56248.85,12390.81,123371.28,26.6,15.1,5,2,88.2,0.204,Good Credit
45,52314.95,20779.92,191179.11,16.6,15.6,2,1,96.5,0.178,Good Credit
34,89885.73,10902.98,111731.05,5.3,8.1,3,2,80.2,0.059,Bad Credit
39,51024.1,18017.38,72192.98,11.4,7.7,2,0,100.0,0.09,Good Credit
47,41091.24,26743.17,19314.69,14.0,10.1,5,3,73.5,0.255,Good Credit
45,44458.67,22591.79,98470.96,16.6,11.4,4,2,83.5,0.246,Good Credit
52,93873.11,62573.84,313907.44,22.1,19.4,3,3,50.6,0.268,Good Credit
32,68894.61,55947.25,272628.99,7.7,8.0,3,1,85.1,0.294,Good Credit
50,46775.92,9540.22,88249.24,10.9,8.4,2,0,100.0,0.064,Good Credit
40,49800.53,29835.08,160231.21,12.4,8.2,1,1,91.1,0.311,Good Credit
63,28477.63,23387.05,23716.17,30.2,18.9,1,0,100.0,0.369,Good Credit
28,64747.32,6355.68,42571.99,4.2,4.8,2,2,79.2,0.071,Bad Credit
27,26264.3,1000.0,95545.54,3.5,2.8,4,1,79.3,0.042,Good Credit
41,75421.15,9341.83,78930.82,7.4,8.8,3,1,93.1,0.01,Good Credit
43,58052.88,7114.8,43387.49,15.2,15.1,3,0,98.6,0.065,Good Credit
52,149882.69,48624.63,500000.0,11.4,15.0,4,6,35.0,0.194,Good Credit
39,34649.26,27938.93,170905.5,8.6,11.5,3,2,84.6,0.307,Good Credit
62,52678.91,33732.06,153878.07,29.5,19.5,3,1,80.7,0.315,Good Credit
42,117051.5,51513.38,244815.89,15.3,10.5,3,2,79.8,0.209,Good Credit
26,90714.47,17769.86,360290.58,3.7,4.0,2,1,95.3,0.128,Good Credit
26,41055.47,20055.33,60887.86,2.7,2.8,5,2,93.7,0.198,Bad Credit
64,60424.79,12861.74,103749.0,18.1,16.1,7,3,81.0,0.138,Good Credit
27,55046.2,1000.0,119343.01,3.3,5.8,2,0,100.0,0.01,Good Credit
63,61914.52,7430.84,249585.73,16.4,26.9,4,3,73.8,0.05,Good Credit
33,41012.93,7059.65,181804.43,8.4,8.2,4,1,85.2,0.112,Good Credit
25,52974.92,6929.49,147972.56,2.3,2.1,1,2,92.8,0.07,Bad Credit
34,28110.73,18947.3,6231.42,6.7,4.2,4,2,65.4,0.335,Bad Credit
48,58211.62,27879.16,168014.3,10.3,9.6,1,1,85.3,0.182,Good Credit
40,66442.83,19953.92,79053.66,9.7,13.8,5,2,91.8,0.087,Good Credit
56,49989.7,2144.1,218557.83,24.4,21.9,3,2,85.6,0.01,Good Credit
48,27910.75,14819.31,28778.6,17.0,13.8,3,0,98.6,0.196,Good Credit
39,83305.67,40626.85,45570.32,6.9,13.4,6,3,78.8,0.226,Bad Credit
49,64099.32,19544.86,210096.31,11.6,9.6,4,2,84.4,0.168,Bad Credit
64,40544.77,17353.3,72052.85,21.8,21.8,1,3,68.2,0.087,Good Credit
39,48885.51,23394.59,187381.85,7.0,6.8,1,2,78.1,0.262,Good Credit
27,29284.31,10375.55,5000.0,4.3,3.4,2,2,75.8,0.083,Good Credit
39,35753.96,4382.37,125800.65,11.0,13.1,5,2,79.2,0.042,Good Credit
58,43879.73,13937.22,38148.16,14.4,23.9,5,2,80.8,0.093,Good Credit
30,92136.39,10758.05,51271.12,6.0,3.5,2,1,92.1,0.072,Good Credit
63,42045.05,3111.0,74109.25,20.9,15.7,2,1,86.1,0.035,Good Credit
47,71968.1,11125.9,106855.8,11.6,14.1,6,1,96.4,0.103,Good Credit
48,43870.42,30312.27,124233.11,15.6,8.2,3,0,100.0,0.387,Bad Credit
35,61036.45,10499.67,22742.49,5.0,8.0,3,1,75.7,0.093,Good Credit
62,51828.86,20437.8,39451.91,22.0,21.3,2,0,100.0,0.123,Good Credit
22,79361.79,23994.92,265838.6,0.7,1.5,2,2,80.5,0.149,Good Credit
34,43935.05,27581.71,37946.93,9.4,5.9,4,2,76.1,0.368,Bad Credit
39,28413.7,13345.31,115552.7,8.8,7.2,4,2,76.8,0.227,Bad Credit
42,30781.52,20925.16,106696.66,12.7,15.0,3,0,100.0,0.329,Bad Credit
42,43989.22,7096.93,27075.63,9.3,9.7,2,3,69.6,0.01,Bad Credit
27,32548.39,4596.28,109665.22,3.4,4.4,4,2,69.5,0.08,Good Credit
31,65341.16,25602.77,115745.67,4.5,4.8,4,2,79.0,0.141,Good Credit
25,45227.74,8476.22,82452.87,2.3,3.7,2,1,87.1,0.034,Bad Credit
46,149107.56,83040.8,89434.42,10.5,8.1,3,0,97.4,0.221,Good Credit
36,26509.23,15851.41,91572.42,10.9,5.0,1,4,51.8,0.246,Good Credit
46,59910.94,25649.03,181600.53,17.6,15.3,2,1,89.3,0.134,Good Credit
47,34246.79,21525.19,97041.68,12.6,15.7,5,2,88.7,0.263,Bad Credit
52,44705.86,32144.88,191587.43,20.5,12.1,5,0,100.0,0.277,Good Credit
45,58365.76,18415.45,123992.23,9.3,10.6,3,2,76.1,0.168,Good Credit
50,20711.25,14646.32,95145.17,18.7,20.3,3,1,87.6,0.297,Good Credit
47,60752.01,8600.49,199564.15,12.0,8.5,6,2,89.0,0.079,Good Credit
50,122309.45,84215.66,500000.0,11.7,10.3,4,2,87.6,0.334,Bad Credit
48,45462.56,1566.17,192335.91,16.8,12.7,1,2,95.0,0.047,Good Credit
35,61341.25,3520.69,261301.31,7.5,6.2,7,2,77.2,0.023,Good Credit
32,84588.67,35472.37,79570.32,6.2,7.1,8,1,84.3,0.043,Bad Credit
56,51340.13,6902.54,192720.85,19.5,20.0,2,2,64.3,0.085,Bad Credit
36,43091.68,5304.7,134066.93,5.6,8.3,1,0,93.9,0.01,Good Credit
45,21147.55,12739.55,61489.58,8.9,13.4,3,0,100.0,0.236,Good Credit
29,71991.59,13821.27,106560.93,4.7,4.7,4,0,99.5,0.099,Good Credit
40,52446.96,22047.72,243938.1,11.4,12.2,4,0,97.9,0.248,Good Credit
44,35945.57,14314.07,16837.87,8.5,6.9,2,1,81.2,0.27,Bad Credit
49,58003.53,7462.95,136285.07,14.0,11.6,4,1,92.5,0.01,Good Credit
44,43042.48,2363.01,102019.67,13.7,13.6,8,0,94.6,0.01,Bad Credit
37,44053.03,33814.63,61251.48,9.8,7.3,1,0,96.4,0.327,Good Credit
64,70950.0,51310.35,237906.84,29.3,12.9,3,0,100.0,0.304,Bad Credit
44,31349.95,1527.59,50903.92,11.9,10.1,1,1,86.3,0.01,Good Credit
57,85388.0,58524.11,286735.56,20.5,20.8,1,2,73.9,0.273,Good Credit
54,30578.74,11014.28,112471.48,19.2,10.8,2,0,100.0,0.18,Good Credit
46,41637.39,17239.02,79896.46,11.9,15.1,5,2,79.6,0.092,Good Credit
60,123343.18,61046.63,402785.35,14.5,23.5,3,5,35.0,0.138,Bad Credit
26,88307.25,40438.42,104975.39,1.8,4.0,7,2,84.5,0.145,Bad Credit
62,57301.5,34773.54,201681.65,28.1,15.3,2,1,80.6,0.23,Good Credit
59,37051.56,11427.24,147089.65,16.3,23.5,4,3,62.6,0.165,Good Credit
43,44037.38,24179.07,52019.64,13.2,8.4,3,1,85.3,0.2,Bad Credit
54,56718.98,17158.33,201964.33,19.2,22.0,2,1,80.1,0.124,Good Credit
44,55873.65,8237.06,105196.72,11.7,13.8,1,1,90.9,0.194,Bad Credit
33,52940.43,23561.86,157158.24,8.2,4.1,3,0,95.1,0.121,Bad Credit
56,54292.36,3386.81,176878.6,22.0,21.6,4,0,92.9,0.01,Good Credit
32,50264.33,14016.45,92569.08,4.0,6.3,4,1,89.6,0.152,Bad Credit
35,30015.15,7061.56,40857.57,9.2,7.3,5,2,79.0,0.153,Good Credit
44,44274.05,7655.23,36682.81,12.7,10.9,3,6,51.8,0.094,Bad Credit
58,80759.47,45542.09,157336.99,18.1,19.7,8,0,100.0,0.334,Good Credit
38,30958.04,15207.33,121217.95,10.9,10.8,3,1,86.5,0.216,Good Credit
43,50791.04,21473.86,52700.88,13.7,15.2,2,1,94.5,0.051,Good Credit
22,38979.53,1960.12,102851.62,0.5,1.4,3,2,87.8,0.026,Bad Credit
26,57633.29,11302.46,49979.09,3.7,4.0,2,0,97.6,0.044,Bad Credit
23,46716.96,15213.06,174636.29,1.2,2.6,3,3,80.9,0.213,Bad Credit
24,102292.72,60329.67,284272.37,1.8,3.1,2,3,58.5,0.294,Good Credit
60,68040.16,33856.69,143114.02,14.7,18.8,5,1,84.5,0.104,Bad Credit
58,31701.88,14604.52,33314.91,17.1,16.3,5,1,91.5,0.265,Good Credit
57,72911.69,26757.33,173275.82,19.0,21.6,1,2,81.2,0.203,Bad Credit
23,39724.95,24822.78,162537.54,1.2,1.9,4,1,92.1,0.23,Bad Credit
24,43163.48,27767.82,94334.53,1.7,2.0,5,4,65.0,0.253,Bad Credit
33,62748.66,27099.03,137748.92,7.9,7.0,4,1,93.7,0.256,Bad Credit
46,44736.93,14439.61,170899.96,11.4,10.0,6,1,91.8,0.011,Good Credit
36,80024.48,11031.63,154383.33,9.5,4.7,1,1,81.5,0.082,Good Credit
42,39727.31,23782.39,75092.89,14.2,6.5,3,4,58.8,0.305,Good Credit
28,42409.64,8678.1,89443.78,4.6,5.3,2,2,73.0,0.077,Good Credit
53,41748.24,17749.04,74673.13,21.1,22.4,3,0,100.0,0.209,Bad Credit
35,43369.87,36852.37,147420.21,9.9,7.3,5,2,83.0,0.346,Good Credit
23,87268.85,46476.85,365787.65,0.8,1.5,2,1,96.4,0.166,Good Credit
54,71623.81,7392.76,310124.9,20.8,20.8,2,2,89.3,0.01,Good Credit
61,112787.97,11299.32,443340.87,29.5,15.2,2,1,91.3,0.083,Good Credit
21,142557.26,1000.0,321483.17,0.0,1.9,2,2,69.9,0.01,Good Credit
40,35674.35,12225.06,36580.47,8.3,10.5,3,3,65.4,0.046,Bad Credit
58,56650.98,5416.25,167756.17,27.7,13.7,3,0,96.4,0.046,Good Credit
52,33559.8,21821.96,135393.88,13.0,15.2,7,1,91.9,0.229,Good Credit
59,39675.69,29239.99,128096.56,18.4,15.8,3,0,98.2,0.223,Bad Credit
39,42211.75,23892.93,91278.8,7.5,11.8,3,3,80.6,0.231,Good Credit
37,35280.42,15385.04,109441.68,8.6,5.6,4,0,100.0,0.22,Good Credit
52,35358.56,3704.33,134121.81,16.0,20.2,3,3,74.9,0.043,Bad Credit
27,51766.01,6530.68,214020.32,3.3,5.0,5,0,100.0,0.01,Bad Credit
31,32993.53,17048.56,88474.66,7.2,7.7,2,0,93.3,0.236,Good Credit
48,78337.51,8718.12,159276.97,14.6,18.2,3,0,100.0,0.107,Good Credit
51,37407.71,2651.88,34135.56,16.7,11.3,3,4,71.9,0.161,Good Credit
26,178993.98,59153.83,442109.3,3.5,3.7,4,2,90.4,0.219,Bad Credit
43,45501.79,1000.0,86974.48,14.9,14.7,3,3,72.1,0.01,Bad Credit
37,56689.02,18116.32,245645.89,7.1,7.6,3,3,67.9,0.179,Good Credit
43,31921.82,17390.97,67439.97,7.8,6.9,3,0,100.0,0.233,Good Credit
64,112605.63,64890.05,266685.49,25.9,16.9,3,1,91.9,0.161,Good Credit
24,88016.43,46132.23,153807.5,2.1,2.1,4,0,99.5,0.227,Bad Credit
65,62304.76,44116.53,171184.73,25.1,28.1,2,1,82.7,0.398,Good Credit
41,31239.27,10212.37,90233.36,8.7,10.0,4,2,87.2,0.203,Good Credit
55,60088.19,37351.86,68098.39,22.0,19.4,4,2,86.1,0.188,Good Credit
40,34340.73,13332.12,150351.57,11.7,14.0,6,0,100.0,0.156,Bad Credit
34,101648.66,20428.43,181156.25,7.5,5.9,4,1,86.3,0.11,Good Credit
55,77261.44,54533.44,185623.7,23.6,20.5,5,2,81.6,0.179,Good Credit
51,57249.42,12941.82,63770.75,19.9,8.6,2,0,95.0,0.01,Good Credit
27,19767.82,2613.2,62561.5,3.7,2.6,3,2,70.4,0.062,Bad Credit
52,36390.16,11767.23,111638.76,19.1,10.7,3,1,79.7,0.139,Bad Credit
54,73419.74,16365.16,291257.38,20.3,13.5,2,1,87.5,0.01,Good Credit
38,91537.1,21836.61,19665.64,9.5,8.2,2,1,97.6,0.119,Good Credit
62,87635.35,27824.77,380248.42,22.0,19.4,2,1,91.3,0.192,Good Credit
49,28182.12,23162.96,93963.01,17.7,10.8,3,0,97.8,0.316,Good Credit
36,62426.21,17147.62,91585.26,8.9,5.0,2,4,51.0,0.113,Bad Credit
21,84255.14,37453.41,130679.88,0.0,1.6,4,0,100.0,0.212,Bad Credit
51,27407.93,1000.0,26798.32,12.0,8.6,5,2,77.7,0.041,Good Credit
30,54817.71,43199.03,210295.01,5.7,6.9,5,0,100.0,0.215,Good Credit
55,61703.89,6848.18,84826.09,20.7,23.0,7,1,85.0,0.01,Good Credit
44,48473.25,6776.93,102913.86,11.2,13.9,2,1,91.9,0.032,Good Credit
42,25265.13,14430.95,98682.56,10.3,11.7,2,1,82.3,0.177,Good Credit
28,47968.28,20024.02,212851.99,3.1,5.1,3,0,100.0,0.255,Good Credit
53,47935.91,26359.13,138096.23,23.5,17.9,4,1,83.7,0.258,Good Credit
28,51683.72,24811.85,169414.65,4.9,6.2,2,1,97.9,0.125,Bad Credit
39,43409.36,39972.46,30855.24,10.3,13.4,4,4,62.4,0.355,Good Credit
58,45662.07,16341.1,202122.58,18.9,16.8,1,3,69.8,0.211,Good Credit
62,54090.39,11980.8,99597.63,26.4,21.9,5,2,71.9,0.05,Good Credit
65,66232.03,14722.61,59764.34,24.7,26.8,1,0,94.0,0.14,Good Credit
64,48398.75,5571.88,192138.92,31.8,11.5,4,0,100.0,0.129,Good Credit
46,46306.42,8031.88,37205.25,9.3,12.9,3,0,100.0,0.142,Bad Credit
30,57175.29,27988.44,57463.34,3.3,6.1,4,1,87.6,0.207,Bad Credit
58,24545.99,1000.0,81060.31,21.4,21.5,4,2,92.2,0.091,Bad Credit
57,67200.99,37735.41,83742.69,15.5,15.5,3,5,44.7,0.193,Good Credit
65,54986.99,22248.45,47238.28,26.0,17.3,1,3,68.0,0.311,Good Credit
50,55924.61,16084.69,184475.87,19.2,10.3,1,2,85.0,0.129,Bad Credit
27,82338.73,40856.18,285897.76,2.4,4.3,3,3,61.4,0.267,Good Credit
43,24219.32,9873.01,110796.27,11.6,15.4,1,2,74.6,0.141,Good Credit
41,24006.46,5833.17,34644.83,12.5,14.0,2,3,80.6,0.127,Good Credit
58,61702.89,31933.89,149294.23,25.3,15.8,2,2,74.6,0.24,Good Credit
38,54835.85,21385.79,200481.11,9.3,7.1,2,1,92.5,0.1,Good Credit
35,59074.98,9437.46,60716.05,6.1,9.6,5,1,85.6,0.01,Good Credit
24,45296.96,12381.3,42401.34,1.8,3.2,3,2,73.8,0.097,Bad Credit
58,72701.48,39113.57,15251.35,19.7,18.1,3,1,100.0,0.282,Good Credit
54,81372.84,39203.88,230183.64,21.7,14.6,2,1,89.7,0.083,Bad Credit
22,67397.35,15877.77,66094.76,0.6,1.2,2,3,73.6,0.072,Good Credit
40,49293.16,13431.86,182264.63,8.8,12.4,2,1,89.9,0.188,Good Credit
42,22694.07,16881.93,92060.21,13.7,11.9,3,3,74.9,0.224,Bad Credit
42,75975.61,6069.47,95032.99,11.7,9.6,7,2,91.5,0.107,Bad Credit
62,91877.78,51809.71,289692.91,17.3,27.2,1,2,75.0,0.158,Good Credit
27,72099.54,5245.38,82481.43,3.5,4.6,2,3,76.0,0.01,Good Credit
34,38011.3,15456.94,26529.39,9.5,9.9,2,0,100.0,0.154,Good Credit
29,72990.32,35236.23,225504.85,5.1,4.8,1,1,87.9,0.306,Good Credit
31,78945.34,7403.38,178650.59,4.7,5.6,6,0,99.5,0.01,Good Credit
61,105851.38,64491.61,416209.24,25.4,26.9,3,1,95.8,0.14,Good Credit
63,38067.73,1000.0,95214.51,19.4,28.5,4,2,74.7,0.01,Bad Credit
23,50009.96,39571.81,65108.05,1.1,3.2,2,1,88.4,0.372,Good Credit
49,75277.96,18392.68,178263.84,15.7,17.9,4,0,100.0,0.016,Bad Credit
31,56342.29,42689.02,49929.45,4.5,5.7,3,1,84.0,0.374,Good Credit
29,34399.97,19527.53,120052.15,3.9,3.7,2,1,95.3,0.231,Bad Credit
34,65462.14,30540.18,201289.59,9.4,6.5,3,1,84.6,0.185,Bad Credit
29,70131.43,17687.3,128965.23,3.6,6.9,3,2,75.6,0.119,Good Credit
43,57069.94,27991.1,115851.95,14.7,9.9,1,0,100.0,0.148,Good Credit
65,60313.67,24062.88,189480.24,27.1,26.0,3,2,67.7,0.168,Good Credit
47,49337.12,35213.43,182764.46,14.6,18.0,5,2,73.7,0.214,Good Credit
53,102330.76,39295.65,70313.0,13.0,22.3,2,4,59.3,0.235,Good Credit
43,37676.72,8893.87,26429.09,9.5,15.7,5,2,72.7,0.033,Good Credit
21,42976.72,11179.0,40713.63,0.0,1.4,2,2,87.2,0.13,Good Credit
24,55254.35,27474.82,103460.51,1.8,2.7,2,1,92.0,0.137,Good Credit
33,79558.6,51585.11,155015.75,8.9,9.7,2,0,100.0,0.227,Bad Credit
31,29324.88,11932.95,30138.21,7.0,4.4,2,0,99.3,0.14,Good Credit
58,31721.94,15004.78,51867.2,13.3,13.0,3,1,78.8,0.368,Good Credit
58,23370.8,13490.5,42989.59,17.0,25.4,3,3,74.1,0.23,Good Credit
59,55760.47,5377.9,54430.97,15.7,21.6,3,0,100.0,0.01,Good Credit
49,34385.84,4707.0,164246.82,20.7,14.4,5,2,79.8,0.028,Bad Credit
46,46797.14,23073.57,133105.06,11.1,8.5,3,2,85.1,0.107,Good Credit
50,72610.68,36477.71,153023.74,12.5,14.6,2,1,89.2,0.191,Bad Credit
39,42009.06,3925.6,82444.67,10.8,13.2,3,0,100.0,0.148,Good Credit
51,60610.71,39307.1,106006.44,17.2,16.2,2,0,100.0,0.28,Bad Credit
56,48502.3,8408.76,188394.12,15.4,15.7,1,3,72.3,0.124,Good Credit
55,72938.83,59370.27,219571.75,21.0,17.4,5,3,63.4,0.271,Bad Credit
48,67147.18,43889.15,154998.52,10.5,18.1,7,2,85.9,0.249,Bad Credit
23,41129.31,28352.1,166429.93,0.7,3.1,5,1,91.8,0.288,Good Credit
53,51238.92,14175.31,212420.21,12.3,14.4,1,2,74.5,0.067,Bad Credit
37,85260.0,16930.59,316851.4,7.9,9.4,7,1,85.8,0.103,Bad Credit
54,64880.78,22862.12,69334.27,24.4,13.0,4,2,75.8,0.178,Bad Credit
45,30588.04,11036.56,69713.03,13.7,11.6,2,0,95.0,0.177,Good Credit
60,72435.23,34099.26,217743.13,25.4,14.2,4,3,76.3,0.179,Good Credit
36,34875.92,8805.0,79991.63,7.2,8.3,3,1,94.5,0.166,Good Credit
62,99542.9,37343.59,324058.33,26.1,21.2,1,2,85.4,0.135,Good Credit
59,84559.44,5183.83,301542.7,28.0,15.8,4,0,100.0,0.01,Good Credit
35,62121.06,14902.53,97217.54,6.9,6.1,4,1,92.1,0.182,Good Credit
42,58754.69,18902.03,89301.12,15.7,7.4,2,0,99.7,0.062,Good Credit
44,50377.25,14934.44,118006.57,13.9,8.0,5,0,100.0,0.016,Bad Credit
55,73135.45,37357.86,94540.4,22.1,19.8,2,1,90.1,0.152,Good Credit
52,47068.61,1000.0,179856.25,14.0,11.5,6,3,59.5,0.032,Good Credit
59,60719.96,33738.92,206888.05,23.1,12.2,3,1,97.5,0.299,Bad Credit
37,79324.39,47704.13,194204.94,8.9,12.3,5,1,99.1,0.201,Good Credit
43,43439.73,4507.23,141266.93,16.1,8.8,3,0,100.0,0.15,Good Credit
40,42458.72,18038.52,100519.38,13.5,13.4,2,0,100.0,0.172,Good Credit
61,33304.74,1000.0,103832.47,20.3,21.2,4,1,89.6,0.01,Bad Credit
34,35172.15,1000.0,23262.91,9.5,8.6,1,0,100.0,0.01,Good Credit
47,25518.59,16721.53,85100.47,18.3,13.8,4,1,93.3,0.379,Good Credit
26,74728.48,10271.83,242890.82,2.9,2.6,6,2,74.2,0.046,Good Credit
59,117575.1,79116.61,193122.3,14.5,24.1,7,0,92.2,0.189,Good Credit
38,100080.15,64742.25,250212.36,7.0,11.6,4,0,97.4,0.406,Good Credit
36,27781.7,9686.73,99879.74,5.7,7.0,5,2,83.8,0.163,Good Credit
47,74572.53,27397.25,92643.29,10.2,16.1,2,1,90.6,0.195,Good Credit
43,99944.78,43791.54,363200.96,16.3,11.7,3,0,100.0,0.276,Bad Credit
59,45398.22,37900.39,182682.58,16.5,25.2,5,2,78.6,0.371,Good Credit
44,57394.08,17341.2,235232.46,14.4,14.8,1,3,60.0,0.179,Bad Credit
44,23665.5,5594.49,62977.52,13.9,6.9,3,2,83.2,0.098,Bad Credit
25,61520.0,23587.64,175573.39,2.4,4.2,4,0,96.3,0.197,Good Credit
21,35185.64,9980.0,136495.97,0.0,1.9,3,3,62.5,0.111,Bad Credit
38,59810.42,14879.26,142855.63,9.9,10.9,3,3,56.0,0.098,Good Credit
65,28549.17,1000.0,37780.3,26.4,14.0,7,1,86.6,0.021,Good Credit
62,69084.72,42473.6,21593.12,23.7,25.2,4,3,69.8,0.222,Good Credit
49,84574.14,11050.0,313754.74,11.9,15.8,4,2,84.4,0.083,Good Credit
49,39582.92,6010.95,86299.03,17.9,12.0,3,0,94.8,0.091,Good Credit
38,34118.02,8730.27,53829.34,6.4,12.1,4,0,90.2,0.151,Bad Credit
28,22238.02,1000.0,47668.29,4.1,4.8,2,3,77.4,0.056,Good Credit
21,49177.66,29498.09,158373.89,0.0,1.8,4,2,82.6,0.36,Bad Credit
36,43080.21,9661.51,84775.27,6.8,9.3,2,0,100.0,0.153,Good Credit
35,28671.54,13946.2,124287.52,9.4,6.2,5,0,98.2,0.182,Bad Credit
29,66526.55,30577.86,217627.9,3.4,7.0,2,5,38.6,0.211,Good Credit
32,45528.82,15709.5,158776.75,8.0,6.7,2,1,95.3,0.223,Good Credit
22,35006.16,25215.49,151256.53,0.7,1.8,5,0,100.0,0.231,Bad Credit
48,43571.91,25823.04,47358.39,13.3,12.3,3,3,72.8,0.358,Good Credit
62,86252.68,33726.06,274575.16,19.4,13.4,3,2,68.7,0.11,Good Credit
52,70850.12,4024.28,55199.83,12.6,17.8,3,2,73.1,0.077,Good Credit
41,52076.94,1000.0,232698.81,14.3,9.7,5,1,88.2,0.01,Good Credit
39,71332.87,51380.58,119804.73,10.8,13.1,4,1,90.0,0.285,Bad Credit
34,33775.99,30951.83,107879.22,4.7,10.2,3,2,76.2,0.288,Bad Credit
27,55752.86,39856.48,240217.81,3.3,5.0,2,2,80.7,0.34,Good Credit
47,58510.64,33943.93,45967.1,10.0,10.1,2,1,92.5,0.155,Bad Credit
46,45150.52,3805.31,174893.99,14.5,15.0,4,2,75.0,0.01,Good Credit
21,66037.69,33147.14,39828.07,0.0,0.8,3,3,61.5,0.27,Bad Credit
39,39628.6,8501.17,84806.5,6.9,12.2,4,3,73.8,0.193,Bad Credit
33,68132.74,35857.36,176397.37,8.1,6.7,2,3,71.1,0.17,Bad Credit
28,69346.37,1571.77,127619.48,3.2,6.2,3,0,100.0,0.069,Good Credit
52,18000.0,9216.16,81515.76,17.6,13.6,3,2,78.0,0.253,Good Credit
44,90673.18,55113.09,408204.05,13.9,9.2,6,1,88.4,0.238,Bad Credit
49,18000.0,13507.04,35562.88,20.6,20.1,3,0,99.8,0.38,Good Credit
53,42461.28,15048.15,126117.61,17.5,16.2,1,1,89.0,0.132,Good Credit
65,84603.81,19364.82,356086.97,31.5,28.0,2,2,74.1,0.123,Good Credit
57,48138.04,14225.08,154010.24,17.7,24.0,5,1,84.1,0.043,Good Credit
48,29711.53,18450.8,5000.0,18.7,13.7,2,2,81.7,0.176,Bad Credit
60,34742.5,11026.82,167038.39,17.3,18.2,1,0,98.2,0.197,Good Credit
42,84659.18,32937.05,54164.77,13.3,11.3,4,1,90.0,0.189,Good Credit
65,24539.92,8971.07,65655.55,17.0,27.7,5,1,88.9,0.138,Good Credit
55,88367.96,30879.52,243969.62,25.3,23.5,4,1,76.0,0.254,Good Credit
50,53741.76,31441.81,158980.25,21.2,12.2,3,1,91.9,0.348,Bad Credit
61,33332.31,10894.84,30761.08,21.1,23.5,2,2,80.7,0.157,Bad Credit
44,43052.7,32963.94,37587.13,12.9,9.5,2,0,90.7,0.219,Good Credit
53,35877.09,27420.58,138753.89,18.9,17.3,5,0,98.2,0.299,Good Credit
33,79134.41,48253.91,95086.2,5.5,8.6,3,3,76.9,0.194,Bad Credit
64,74810.1,27780.36,182563.11,26.7,27.8,5,0,100.0,0.154,Good Credit
49,26716.61,5436.75,96761.87,17.6,13.3,1,1,87.1,0.025,Good Credit
56,46424.37,20965.27,120066.88,19.6,15.1,5,1,94.1,0.109,Bad Credit
41,38274.93,23923.04,57219.15,8.2,8.1,3,0,100.0,0.114,Good Credit
60,94689.9,45123.83,165323.0,28.0,12.7,7,1,86.4,0.201,Good Credit
24,31196.05,23121.25,155091.9,1.2,2.4,3,1,87.4,0.159,Good Credit
26,107889.7,63557.01,273397.48,3.0,4.8,2,1,96.7,0.216,Bad Credit
43,54236.24,26162.95,6192.03,8.6,10.4,1,1,87.3,0.235,Bad Credit
53,33761.49,8910.27,38072.85,13.1,13.2,3,0,100.0,0.062,Good Credit
57,41383.33,8466.22,63520.85,12.9,21.3,2,1,91.4,0.017,Good Credit
40,39277.56,15795.18,179254.39,9.4,7.4,4,1,91.2,0.157,Good Credit
50,32200.87,15784.62,53043.79,17.6,11.3,1,2,77.4,0.146,Good Credit
45,57234.71,13492.21,25576.76,13.4,16.9,2,2,77.4,0.105,Bad Credit
64,32838.73,27521.03,97608.7,26.7,13.0,1,3,65.7,0.273,Good Credit
50,22011.82,14425.32,5000.0,18.0,13.3,1,3,58.1,0.256,Bad Credit
39,46893.03,1773.18,55833.02,7.3,10.1,3,5,62.7,0.01,Good Credit
64,25793.79,13464.57,99903.14,16.0,15.7,4,0,95.4,0.208,Good Credit
25,40101.98,21659.66,126491.21,2.4,2.5,5,2,81.7,0.314,Bad Credit
65,37543.86,17928.8,5000.0,26.9,15.9,4,5,53.7,0.203,Good Credit
27,38146.06,14878.04,84703.93,3.4,3.5,4,2,67.7,0.186,Bad Credit
33,127451.73,84365.84,138187.88,5.4,9.1,2,1,90.2,0.227,Good Credit
57,56318.67,13696.63,39118.46,24.3,16.5,4,3,66.6,0.111,Bad Credit
54,60970.43,33381.54,184248.55,12.5,15.0,1,3,69.1,0.203,Bad Credit
64,26082.01,1827.38,63613.24,25.9,18.6,2,1,85.9,0.03,Good Credit
54,41790.48,12308.86,159939.4,13.1,22.9,3,1,84.2,0.157,Good Credit
49,60205.29,33020.14,241414.76,17.1,9.2,3,1,100.0,0.189,Bad Credit
36,35767.19,17393.13,50118.73,7.8,10.8,5,1,92.4,0.171,Good Credit
21,80537.23,36884.85,328547.56,0.0,1.1,5,2,80.0,0.154,Bad Credit
26,33188.41,18788.39,83654.08,1.9,5.1,3,4,65.1,0.196,Bad Credit
34,48767.27,29838.14,81943.34,7.4,6.0,2,3,63.7,0.255,Good Credit
22,42999.63,11455.65,160140.6,0.4,1.1,4,3,75.8,0.085,Good Credit
43,58929.86,35933.86,39932.59,13.7,11.5,3,0,100.0,0.334,Good Credit
55,42027.63,15832.88,101030.76,13.5,12.6,1,2,87.6,0.311,Bad Credit
64,49085.21,42012.3,176245.73,16.3,25.4,4,2,74.4,0.308,Good Credit
43,49807.15,42333.31,68398.32,14.0,12.8,1,1,86.7,0.358,Good Credit
60,40402.45,29623.01,171973.64,14.6,22.0,3,1,84.8,0.356,Good Credit
65,67428.83,46503.65,94314.81,19.4,15.4,4,2,80.9,0.26,Bad Credit
59,60791.88,34256.5,256466.98,25.8,21.9,4,1,87.6,0.166,Good Credit
41,52990.64,12454.08,20950.05,13.5,8.6,4,3,77.3,0.198,Good Credit
35,45903.47,15197.82,26317.78,9.7,11.0,3,3,71.0,0.174,Bad Credit
65,76852.01,53674.25,141543.22,21.1,25.5,4,0,98.5,0.298,Good Credit
31,49813.34,23334.12,173583.93,5.6,6.3,2,0,96.1,0.274,Good Credit
39,48352.62,29875.58,27263.45,11.9,12.5,3,1,90.0,0.293,Good Credit
24,57472.29,3943.79,238597.3,1.2,2.9,8,1,87.7,0.025,Good Credit
56,112156.99,36799.35,150440.7,22.4,17.9,2,0,94.3,0.073,Good Credit
50,31323.97,4305.07,63449.24,11.3,11.0,2,2,89.5,0.025,Good Credit
24,75995.42,30296.46,134499.15,2.1,3.1,4,5,43.2,0.232,Good Credit
30,24833.69,1000.0,13002.3,5.4,4.8,2,1,85.4,0.057,Good Credit
45,60255.14,11341.41,282145.62,13.1,7.2,3,2,86.1,0.064,Good Credit
45,106577.03,65210.28,223067.16,13.1,15.6,4,4,52.4,0.351,Bad Credit
57,67530.14,24951.79,198314.52,15.2,10.6,3,0,100.0,0.138,Bad Credit
32,59086.1,1184.93,174935.53,5.4,7.3,2,2,83.1,0.067,Good Credit
62,43464.5,1868.83,103557.46,26.3,13.8,3,1,89.3,0.03,Bad Credit
41,55721.89,30701.05,193733.52,11.3,9.7,3,1,90.2,0.336,Good Credit
58,49474.97,15091.89,194123.27,20.8,23.7,4,0,100.0,0.167,Good Credit
31,39536.45,23263.94,141862.49,4.3,3.7,3,0,99.8,0.238,Good Credit
22,48695.44,29418.34,142021.48,0.6,2.1,4,1,89.3,0.231,Good Credit
23,59778.93,16763.09,174222.5,1.0,2.5,2,1,90.9,0.111,Good Credit
37,39849.19,24160.75,103869.57,6.8,11.3,3,2,76.2,0.199,Good Credit
63,39200.71,2048.98,96413.28,30.6,14.4,4,1,87.8,0.01,Bad Credit
23,31063.42,7767.2,100618.71,1.1,2.8,4,3,66.6,0.119,Good Credit
37,64808.56,34451.73,122627.46,9.0,8.2,3,0,97.6,0.181,Good Credit
25,69156.29,35412.79,225550.55,3.0,3.0,1,0,100.0,0.173,Bad Credit
62,60620.35,50948.15,227018.51,20.4,17.4,5,0,89.7,0.331,Good Credit
51,82492.29,17531.87,366571.82,21.8,13.3,6,1,90.8,0.088,Good Credit
55,57067.66,5411.93,210933.29,21.4,16.9,3,0,94.5,0.038,Good Credit
53,64843.57,27663.38,183487.98,19.3,10.2,6,0,95.1,0.275,Good Credit
50,62486.15,19602.71,191596.56,12.9,13.4,4,0,100.0,0.165,Good Credit
55,52925.56,36290.28,43334.24,12.6,18.9,3,1,87.4,0.401,Good Credit
21,44008.73,8858.93,96866.18,0.0,1.3,3,2,85.6,0.054,Good Credit
59,139390.21,91371.19,192720.84,13.5,13.0,4,1,92.4,0.309,Good Credit
54,45490.97,27336.82,20615.79,12.5,14.2,4,0,100.0,0.217,Bad Credit
54,41581.88,14933.19,190199.72,19.4,15.4,2,3,78.8,0.11,Good Credit
38,65997.53,19822.98,294191.87,10.9,10.4,2,0,100.0,0.249,Good Credit
57,61136.68,23230.14,152918.32,15.0,23.8,2,0,100.0,0.106,Good Credit
38,30487.62,2219.85,60694.93,10.9,9.4,2,2,73.9,0.01,Good Credit
23,88133.97,52043.84,273210.09,1.5,2.6,2,0,100.0,0.194,Bad Credit
61,52866.58,22780.91,90266.88,25.9,12.1,5,1,92.5,0.052,Good Credit
31,34492.51,23188.34,122121.59,6.6,8.2,2,1,90.9,0.212,Good Credit
25,90615.25,36960.95,383623.76,2.5,2.6,2,6,54.4,0.112,Bad Credit
48,71530.0,34274.31,131208.6,11.9,11.8,3,0,100.0,0.194,Good Credit
31,32337.44,4018.73,33631.97,4.9,4.4,1,0,100.0,0.01,Good Credit
59,116018.54,44495.0,144280.78,27.7,11.6,2,2,81.5,0.225,Bad Credit
40,72532.02,46449.58,82812.61,11.7,12.5,5,3,64.5,0.144,Good Credit
21,54764.97,10549.97,102320.27,0.0,1.0,3,0,98.2,0.069,Good Credit
63,107256.71,81249.87,26001.1,31.0,16.3,4,1,96.4,0.284,Good Credit
44,58805.67,42007.09,64575.98,10.2,8.4,2,1,89.9,0.335,Good Credit
32,54355.09,31905.4,71361.82,5.3,9.0,4,1,95.4,0.256,Bad Credit
51,41679.41,19106.0,60342.49,18.2,18.6,4,1,88.5,0.255,Good Credit
44,70225.42,45645.34,227895.6,8.3,16.2,2,1,82.6,0.238,Good Credit
22,67188.79,9229.99,47853.43,0.6,2.4,4,1,97.7,0.027,Good Credit
55,55340.16,41786.14,223797.97,22.9,22.7,3,0,95.3,0.327,Good Credit
39,39469.92,1000.0,60468.49,10.7,9.3,3,4,69.5,0.072,Good Credit
52,58084.78,17486.26,60621.77,14.5,10.8,3,1,85.0,0.17,Good Credit
61,53411.05,21285.29,22231.51,25.6,16.4,5,5,51.0,0.179,Good Credit
48,31414.64,10036.81,112613.52,11.0,11.0,4,2,83.1,0.142,Good Credit
51,29641.4,7039.4,54227.55,21.2,17.7,3,2,72.7,0.093,Good Credit
32,69734.67,47655.81,176574.24,4.3,3.6,2,2,82.0,0.298,Bad Credit
31,18440.33,1000.0,13675.03,7.0,4.0,4,0,99.8,0.144,Good Credit
39,59955.68,33947.33,244506.6,9.9,11.0,3,1,82.3,0.212,Bad Credit
59,44994.41,1751.99,50115.99,19.8,12.3,3,1,90.8,0.01,Good Credit
44,95277.79,52447.95,199658.03,12.7,7.0,5,0,99.4,0.194,Good Credit
36,44704.61,29163.93,167775.49,6.5,5.3,5,0,87.6,0.284,Good Credit
56,72552.94,29416.14,121033.48,18.7,20.0,1,4,49.3,0.035,Good Credit
59,46554.77,24155.81,48162.52,26.2,12.5,2,0,100.0,0.199,Good Credit
61,57691.36,43744.88,238975.18,26.8,13.3,7,0,94.7,0.356,Bad Credit
34,74948.75,46004.85,113639.91,5.4,5.5,2,1,96.3,0.214,Good Credit
52,45288.8,10178.78,23411.45,19.2,18.7,3,5,39.3,0.101,Good Credit
47,83586.85,31221.3,174157.72,18.0,9.6,5,2,76.0,0.276,Bad Credit
41,36233.35,20081.35,5000.0,13.6,6.1,3,2,82.8,0.242,Bad Credit
38,62244.0,12377.48,254982.82,8.8,12.2,3,1,93.3,0.01,Good Credit
26,81031.82,51792.06,250663.79,1.8,4.8,3,3,59.5,0.171,Bad Credit
33,72569.81,21467.36,212639.15,8.7,4.9,2,3,68.4,0.103,Bad Credit
45,123006.85,67596.75,147899.49,12.2,9.6,3,1,98.6,0.172,Good Credit
60,39912.46,1000.0,97616.86,19.3,13.7,4,0,95.7,0.016,Good Credit
59,30817.74,4622.07,74775.15,24.8,22.1,1,1,95.4,0.042,Good Credit
29,36223.66,23032.37,54249.63,3.6,3.9,4,2,67.1,0.324,Good Credit
51,72582.15,49314.26,274773.15,20.5,20.5,3,0,99.2,0.206,Good Credit
24,67793.13,49190.01,209571.99,1.1,3.5,3,2,75.1,0.278,Good Credit
51,57413.59,34747.39,195497.44,19.4,16.0,3,3,48.0,0.255,Bad Credit
36,34318.73,5187.97,47984.45,11.0,4.6,2,2,78.8,0.081,Good Credit
41,75900.06,27406.75,77718.23,15.0,13.9,2,3,64.9,0.153,Good Credit
53,32883.05,6394.94,95554.89,23.0,18.9,4,1,94.4,0.01,Good Credit
40,89486.88,33774.29,350950.52,13.3,12.4,2,1,90.7,0.156,Good Credit
57,182629.1,32592.81,363241.49,16.6,10.9,3,1,85.6,0.062,Good Credit
45,64151.19,42667.05,38804.78,17.7,14.4,2,3,70.5,0.318,Good Credit
65,70262.53,1000.0,259810.54,31.7,26.9,5,3,80.2,0.049,Good Credit
49,44716.03,11135.1,65551.59,15.8,19.6,3,2,82.5,0.114,Good Credit
34,25714.21,1838.51,69711.12,6.6,7.7,5,3,60.5,0.047,Good Credit
55,42699.66,13549.43,125094.11,13.4,16.8,3,0,97.8,0.208,Good Credit
39,34754.78,5227.41,54090.61,10.6,8.8,3,4,73.9,0.129,Good Credit
45,29951.86,10035.73,11648.07,15.1,14.3,3,0,97.0,0.151,Good Credit
27,113377.66,29530.16,68760.86,3.1,5.6,3,0,100.0,0.233,Good Credit
26,61678.5,16516.74,263809.71,2.6,3.9,5,0,100.0,0.069,Good Credit
46,64508.82,42822.24,92131.22,14.5,9.5,3,1,91.9,0.194,Good Credit
29,48305.42,21939.41,153374.26,2.9,2.8,7,0,99.1,0.181,Good Credit
65,51148.2,31548.0,228019.95,32.3,23.4,5,1,100.0,0.224,Bad Credit
59,82470.81,15792.36,246552.07,17.7,24.4,2,1,93.1,0.01,Good Credit
52,54258.06,14589.2,143884.83,12.6,9.4,3,2,83.1,0.068,Bad Credit
54,68732.67,22963.85,176484.71,11.6,14.7,3,1,90.3,0.154,Good Credit
47,50653.65,42984.01,97450.8,18.0,18.2,5,2,80.9,0.336,Good Credit
23,47637.91,22853.55,135172.74,1.4,2.3,2,2,92.1,0.145,Bad Credit
38,30460.45,12509.69,130575.43,6.6,6.8,3,0,97.1,0.167,Bad Credit
43,23967.02,1407.1,81508.28,9.0,9.8,3,2,88.8,0.031,Good Credit
62,49277.97,34849.81,107519.31,21.7,18.2,2,0,100.0,0.326,Good Credit
30,56320.68,25313.26,89635.99,3.8,3.6,5,1,91.0,0.141,Good Credit
43,32045.56,5921.77,168754.73,14.2,12.9,2,2,76.0,0.126,Good Credit
36,54209.37,30678.65,30723.29,5.6,8.8,6,2,79.4,0.161,Good Credit
27,56255.81,29320.49,209687.11,3.4,4.6,4,0,86.6,0.178,Good Credit
25,22238.16,6995.6,24566.13,2.0,3.5,5,0,99.4,0.228,Good Credit
37,37449.03,8727.46,155465.46,8.6,4.9,2,3,64.7,0.032,Bad Credit
24,65260.31,1000.0,222020.34,1.6,1.9,5,2,86.0,0.01,Good Credit
24,64708.84,36317.21,158822.53,1.2,1.9,5,3,56.9,0.149,Bad Credit
36,33878.81,22757.9,43986.28,6.6,5.2,6,2,84.3,0.219,Good Credit
30,58784.69,24563.31,232121.47,3.4,6.5,6,3,68.6,0.175,Bad Credit
45,84499.38,33818.81,179667.24,9.5,8.0,5,2,87.4,0.202,Bad Credit
21,76226.09,7094.49,148949.11,0.0,1.6,1,0,100.0,0.036,Good Credit
34,52842.36,38149.86,124869.47,6.0,5.1,2,1,86.5,0.269,Bad Credit
41,45185.81,11207.81,101589.46,9.5,6.8,4,2,88.8,0.025,Bad Credit
64,42224.83,26632.63,107179.64,17.2,14.5,4,4,49.1,0.209,Bad Credit
49,66941.39,33863.27,65918.22,18.3,14.1,2,1,100.0,0.11,Good Credit
60,59696.71,10888.58,118606.71,28.1,21.3,1,1,90.6,0.117,Good Credit
36,71642.1,5253.01,287783.0,10.0,10.3,3,1,100.0,0.078,Good Credit
41,58132.23,36015.71,6567.58,11.9,6.9,4,1,85.8,0.245,Bad Credit
39,77572.58,12096.75,182557.47,12.2,10.4,2,1,94.8,0.089,Bad Credit
60,57229.07,2987.76,152429.79,20.0,23.5,5,0,100.0,0.073,Good Credit
64,76470.3,44649.39,311134.88,29.8,17.2,2,2,80.1,0.24,Good Credit
64,79287.36,23564.21,206344.31,28.8,13.0,3,1,80.6,0.202,Good Credit
54,39229.62,7410.74,135558.46,11.6,11.2,4,3,67.2,0.014,Good Credit
43,25736.56,9746.88,51113.94,12.0,7.2,3,3,68.9,0.131,Good Credit
45,105172.32,63629.95,203021.43,10.9,16.3,2,5,52.8,0.214,Bad Credit
65,61260.17,14721.96,278374.36,16.9,18.8,5,1,84.6,0.135,Good Credit
33,26769.12,3800.72,131342.34,8.3,6.9,4,1,89.9,0.01,Bad Credit
36,40752.98,12650.16,97935.43,5.3,10.0,2,3,81.6,0.211,Good Credit
61,76059.84,4023.54,201187.33,25.7,17.1,2,3,65.4,0.055,Good Credit
38,48904.48,17774.11,88021.98,12.7,10.2,7,0,93.8,0.25,Good Credit
31,44356.86,1408.04,39625.92,5.4,3.6,2,1,79.4,0.01,Good Credit
46,99057.8,22045.25,394650.42,12.5,12.4,1,1,95.6,0.056,Good Credit
35,35426.94,9722.96,119052.87,8.3,4.9,3,0,100.0,0.149,Good Credit
61,39334.77,25938.06,98531.74,26.9,15.0,3,0,95.2,0.326,Good Credit
61,60106.35,14984.72,107080.89,17.8,15.8,4,0,100.0,0.057,Good Credit
34,64801.21,11500.47,130758.36,5.9,8.6,4,2,73.1,0.01,Good Credit
44,67748.16,52658.78,64532.16,13.6,13.5,4,0,90.2,0.201,Good Credit
65,80644.71,54469.94,272892.18,31.9,25.8,3,1,84.5,0.286,Good Credit
54,59783.89,33500.44,168264.1,15.5,9.9,5,1,92.3,0.317,Good Credit
30,67550.43,15098.18,96413.16,4.5,7.8,2,2,77.4,0.011,Good Credit
47,49326.69,21201.1,153847.3,19.4,7.9,6,7,61.7,0.156,Bad Credit
48,56467.57,7744.72,252355.49,11.4,17.4,1,2,70.9,0.034,Good Credit
50,57540.99,3136.18,64533.37,11.0,17.5,3,1,92.9,0.137,Good Credit
22,60200.12,15830.29,112835.43,0.6,1.9,4,1,92.0,0.241,Good Credit
34,76081.1,34969.01,182607.54,4.7,6.8,3,1,93.0,0.209,Good Credit
59,69442.17,19864.17,54508.49,16.0,22.7,4,1,87.1,0.168,Good Credit
31,56030.96,30310.48,148681.2,6.0,7.1,5,0,98.2,0.269,Bad Credit
34,39153.91,16601.03,137568.67,8.0,4.9,3,1,93.0,0.093,Good Credit
35,56585.63,11649.21,52027.09,7.8,9.6,2,0,100.0,0.124,Good Credit
28,54356.58,29132.91,58133.49,3.5,2.8,3,2,77.1,0.153,Good Credit
27,59648.53,32474.36,244634.46,3.5,4.1,2,2,87.5,0.207,Bad Credit
36,138944.39,48420.47,201950.62,9.1,9.1,8,1,87.4,0.208,Good Credit
60,44139.22,21388.69,123895.95,26.2,24.3,3,1,82.7,0.199,Good Credit
21,65673.44,18470.2,200502.72,0.0,1.3,4,3,83.1,0.179,Good Credit
33,86149.77,1000.0,287411.92,7.4,5.2,2,3,54.3,0.083,Bad Credit
23,57311.08,32460.88,182129.37,1.4,2.2,3,0,98.1,0.121,Good Credit
46,146823.05,27462.47,500000.0,17.1,9.8,4,0,96.9,0.01,Good Credit
32,46925.29,15066.15,154102.44,4.4,6.5,2,2,76.6,0.198,Bad Credit
56,63019.91,30015.02,146954.2,25.6,16.5,2,1,84.6,0.263,Good Credit
47,39323.99,18603.27,92416.65,18.4,16.3,5,2,84.6,0.205,Good Credit
56,47450.77,1000.0,95946.42,16.7,13.1,2,4,68.9,0.032,Good Credit
49,61061.74,12817.85,137501.64,10.0,10.2,4,0,100.0,0.138,Good Credit
40,78475.06,51846.46,68260.18,11.2,9.7,4,0,100.0,0.317,Good Credit
59,62887.85,38254.58,136205.84,20.0,11.1,3,2,80.3,0.225,Good Credit
42,93331.85,34796.77,176872.4,13.6,8.2,2,4,67.4,0.206,Good Credit
63,52849.47,3404.33,47583.13,23.5,17.6,2,4,58.5,0.01,Good Credit
65,47838.1,22675.86,95921.74,16.7,20.9,6,1,79.3,0.204,Good Credit
47,171229.87,15536.86,500000.0,11.6,10.4,2,1,92.6,0.048,Good Credit
51,64904.24,32344.74,173635.66,21.1,15.7,2,0,100.0,0.148,Good Credit
32,40656.18,21533.31,136336.21,4.0,8.4,3,0,97.2,0.167,Good Credit
57,41089.08,12937.38,127014.3,23.2,18.2,4,2,78.6,0.26,Good Credit
51,37018.12,12653.41,152593.83,14.0,12.0,3,1,89.2,0.083,Bad Credit
61,81507.28,5838.9,303561.25,21.2,11.8,3,1,92.7,0.051,Bad Credit
33,47195.32,2003.52,28391.79,6.7,4.6,1,3,86.1,0.052,Good Credit
56,58022.18,20419.74,262014.81,15.8,18.0,2,1,91.2,0.138,Good Credit
42,53552.34,39768.04,8379.78,12.8,12.6,3,1,88.5,0.337,Bad Credit
29,74780.71,24747.33,222414.31,5.0,3.0,3,2,75.3,0.152,Good Credit
28,38540.15,20341.37,161327.78,2.7,3.2,5,1,94.3,0.159,Good Credit
46,35008.57,22536.6,86107.58,12.5,10.6,5,2,82.1,0.29,Bad Credit
35,60433.17,4595.69,183112.34,9.1,6.4,3,1,100.0,0.01,Good Credit
25,70791.3,7587.3,112690.2,2.6,4.4,1,0,100.0,0.147,Good Credit
40,63243.78,21097.96,43974.9,10.8,7.3,4,2,81.2,0.159,Bad Credit
50,39148.52,21176.84,49112.78,19.2,8.8,4,1,87.0,0.174,Bad Credit
35,73103.54,19008.55,44644.72,5.5,6.7,2,2,74.8,0.125,Good Credit
63,40242.01,21053.59,31445.9,16.7,13.7,2,1,80.6,0.154,Good Credit
56,44180.65,28626.28,149532.11,21.5,11.4,3,2,76.7,0.275,Good Credit
44,36998.33,18938.58,103826.49,14.4,10.7,2,1,90.8,0.191,Good Credit
63,94994.57,78139.07,252592.98,28.4,16.8,3,1,94.8,0.279,Good Credit
40,71763.09,43882.04,221295.32,8.0,6.3,2,0,100.0,0.194,Good Credit
27,70911.34,52711.86,18410.17,3.3,4.4,2,3,78.0,0.443,Bad Credit
22,92866.41,60069.66,158686.02,0.6,1.8,5,2,73.0,0.264,Good Credit
63,179225.69,100985.9,500000.0,18.5,12.6,4,1,85.4,0.199,Bad Credit
64,26828.32,11716.13,107873.77,23.9,27.4,2,0,100.0,0.138,Good Credit
54,40334.82,28466.58,87638.16,20.0,13.1,1,1,93.7,0.311,Good Credit
25,42459.03,16312.01,46708.35,1.7,4.4,4,2,93.0,0.115,Good Credit
34,38474.24,12278.47,150598.69,6.5,10.0,3,1,94.9,0.062,Good Credit
22,34979.01,11659.77,147793.37,0.4,1.7,3,2,85.6,0.131,Good Credit
23,48495.88,29698.63,95611.25,1.4,1.7,2,2,74.1,0.243,Good Credit
32,32995.12,13680.09,64344.2,4.9,8.2,4,1,97.0,0.141,Good Credit
46,63310.49,41800.39,97125.41,10.0,11.0,9,0,95.5,0.211,Bad Credit
23,56207.29,31354.46,169067.12,0.7,1.6,3,1,96.6,0.2,Good Credit
65,67313.8,51033.78,279532.36,16.2,22.1,2,3,72.6,0.275,Good Credit
41,68072.9,14354.58,196959.0,8.5,10.3,3,2,65.6,0.048,Bad Credit
32,70852.2,24389.18,110937.48,6.5,8.3,2,0,100.0,0.154,Bad Credit
44,47016.63,24838.79,139529.42,8.2,14.1,3,2,89.9,0.345,Bad Credit
56,134050.07,99953.19,500000.0,16.3,22.8,4,0,98.0,0.378,Good Credit
35,60690.93,33154.04,142437.34,5.2,9.2,5,2,82.3,0.335,Good Credit
23,25155.83,11920.51,121280.52,1.0,2.5,8,2,78.3,0.155,Good Credit
23,36101.53,24367.21,91157.13,0.7,2.3,2,3,68.9,0.37,Bad Credit
59,26478.2,1000.0,46042.79,22.5,26.4,3,1,89.0,0.029,Good Credit
26,55401.89,40591.18,136461.11,3.1,5.1,4,1,85.5,0.352,Good Credit
49,52257.06,5421.3,140524.24,18.0,18.3,1,0,96.7,0.069,Good Credit
38,45177.28,33314.15,198322.48,7.5,11.2,1,0,100.0,0.274,Bad Credit
55,127986.16,77278.17,296268.83,23.7,17.8,3,2,70.0,0.285,Good Credit
23,69262.66,25088.1,147771.48,1.3,1.8,3,1,91.3,0.174,Bad Credit
61,74611.49,21532.31,166042.87,14.9,25.8,2,0,100.0,0.01,Good Credit
52,37199.02,10087.74,62060.57,16.3,8.6,1,1,89.6,0.101,Good Credit
41,36150.56,19103.35,54696.0,13.1,7.8,3,2,75.7,0.264,Good Credit
30,55856.81,19526.91,186240.87,4.3,4.9,4,0,96.8,0.156,Good Credit
64,59145.24,9163.74,126984.81,21.6,22.3,1,1,85.9,0.09,Good Credit
34,25221.13,10799.28,42075.34,7.8,7.6,3,2,83.1,0.126,Bad Credit
43,50988.71,1000.0,136893.9,8.2,8.0,3,2,82.5,0.023,Bad Credit
38,55326.03,36441.31,46840.25,12.5,5.8,4,2,85.8,0.258,Good Credit
31,50247.99,6000.09,148088.45,4.2,4.4,5,1,95.6,0.036,Good Credit
39,39083.85,15514.75,104683.01,6.5,8.2,3,0,96.8,0.118,Bad Credit
27,43847.97,5680.95,82309.98,2.1,2.3,2,0,98.6,0.107,Bad Credit
21,51062.6,16311.33,150720.45,0.0,1.6,7,2,82.4,0.149,Good Credit
34,57137.99,17391.7,211817.59,9.1,5.6,2,0,88.6,0.136,Good Credit
26,70905.33,31388.71,278168.01,3.4,3.1,6,1,90.2,0.3,Good Credit
39,86599.39,26996.67,181553.25,12.9,8.1,3,0,100.0,0.153,Good Credit
59,48604.06,19209.42,76623.71,21.4,18.6,3,0,94.3,0.23,Good Credit
28,45410.69,21746.82,139236.65,3.7,5.9,2,2,88.9,0.208,Bad Credit
21,66098.67,19806.51,204522.0,0.0,0.9,3,1,92.6,0.099,Bad Credit
25,71085.83,49263.87,189729.72,1.5,2.7,4,1,82.4,0.214,Good Credit
43,45831.38,5427.82,141492.03,15.7,13.2,3,3,59.3,0.062,Good Credit
33,76653.74,52073.4,293311.3,6.6,4.0,2,2,75.4,0.112,Bad Credit
43,82993.23,33440.96,110764.27,11.7,14.5,4,1,94.4,0.178,Good Credit
22,94617.41,9641.41,243108.03,0.6,2.5,2,1,90.7,0.06,Bad Credit
35,116074.01,36588.39,109422.93,9.3,8.4,2,1,93.7,0.113,Good Credit
39,38223.04,10441.69,75960.64,7.9,13.3,2,2,73.0,0.104,Good Credit
40,55321.99,24656.33,153310.38,12.0,9.1,4,1,92.8,0.103,Good Credit
45,55261.13,19260.27,119394.6,15.2,11.2,5,1,80.8,0.223,Good Credit
56,52780.53,11744.23,112926.89,24.1,11.1,2,1,86.8,0.069,Bad Credit
42,41873.06,21099.85,178420.73,7.4,6.3,1,1,83.1,0.143,Good Credit
58,29470.72,14181.89,89425.15,15.5,13.9,1,2,92.5,0.225,Bad Credit
